node,n,da_actv,rt_actv,dart_actv,dart_std,base_up,topdec_mass,CV
POD_CONTRL_1_POOLE-APND,16056,0.864,0.605,0.901,151.76,0.258,0.572,2.11
DRUM_7_PL1X2-APND,16056,0.58,0.46,0.663,55.74,0.317,0.814,5.55
SPAULD_6_UNIT12-APND,16056,0.579,0.454,0.661,54.17,0.317,0.813,5.56
SUMMIT_ASR-APND,16056,0.539,0.338,0.609,46.0,0.544,0.823,6.15
CALGEN_1_UNITS-APND,16056,0.832,0.538,0.879,28.52,0.601,0.582,3.15
PGCC_1_PDRP34-APND,16056,0.531,0.495,0.63,22.61,0.293,0.631,2.81
ELKHRN_1_EESX3-APND,16056,0.53,0.495,0.63,22.6,0.292,0.632,2.81
MOSSLD_2_PSP1-APND,16056,0.53,0.495,0.63,22.35,0.293,0.63,2.79
PTRPP_2_WIND-APND,15312,0.002,0.561,0.562,17.92,0.573,0.621,3.22
MDPO_1_TOT_GEN-APND,15312,0.001,0.339,0.339,14.03,0.589,0.893,7.54
LOP_1_LOOKOTPT_PLANT-APND,15312,0.001,0.643,0.643,13.81,0.347,0.552,2.07
HBW_2_SHEPDSSC_PLANT-APND,15312,0.001,0.64,0.64,13.72,0.345,0.556,2.09
PGE_MALIN-APND,15312,0.0,0.387,0.387,10.37,0.364,0.711,3.49
CANFERRY_1_CYFY-APND,15312,0.001,0.403,0.403,9.33,0.561,0.716,2.82
POPUD_1_NCL-APND,15312,0.001,0.406,0.406,8.77,0.468,0.697,2.73
CLEARWTR_1_GEN_TOTAL-APND,15312,0.001,0.4,0.4,8.67,0.473,0.703,2.75
AGRICO_6_PL3N5-APND,720,0.664,0.756,0.835,6.78,0.36,0.353,1.12
ALAMIT_2_PL1X3-APND,720,0.439,0.604,0.707,4.01,0.326,0.479,1.6
