operating_reserve_date,da_operating_reserve_rate,rto_bal_op_res_reliab_rate,rto_bal_op_res_dev_rate,east_bal_op_res_reliab_rate,east_bal_op_res_dev_rate,west_bal_op_res_reliab_rate,west_bal_op_res_dev_rate,virtual_fee_da_plus_rto_dev_$per_MWh
2025-01-09T00:00:00,0.635003,0.686212,1.919673,0.000306,0.005056,0.0,0.0,2.5546759999999997
2025-01-18T00:00:00,0.937103,0.008549,0.055356,0.0,0.0,0.0,0.0,0.992459
2025-01-04T00:00:00,3.6e-05,0.049272,0.000293,0.0,0.0,0.0,0.0,0.00032900000000000003
2025-01-05T00:00:00,0.033193,0.072486,0.019731,0.0,0.0,0.0,0.0,0.052924
2025-01-17T00:00:00,0.503206,0.311902,0.153731,0.0,0.001387,0.0,0.010687,0.6569370000000001
2025-01-11T00:00:00,0.147465,0.020521,0.133777,0.0,0.0,0.0,0.0,0.281242
2025-01-24T00:00:00,3.075613,0.543116,1.195702,0.088413,0.757164,0.0,0.0,4.271315
2025-01-13T00:00:00,0.173532,0.091997,0.058171,0.0,0.0,0.0,0.0,0.231703
2025-01-14T00:00:00,0.330728,0.123121,1.066106,0.0,0.005604,0.0,0.0,1.3968340000000001
2025-01-07T00:00:00,0.278315,0.742491,0.093937,0.0,0.0,0.0,0.0,0.37225199999999997
2025-01-03T00:00:00,1.8e-05,0.033645,0.043334,0.0,0.0,0.020079,0.298774,0.043351999999999995
2025-01-26T00:00:00,0.226923,0.02637,0.063682,0.0,0.0,0.0,0.0,0.290605
2025-01-28T00:00:00,0.109283,0.16748,0.243521,0.0,0.0,0.0,0.0,0.352804
2025-01-27T00:00:00,0.210111,0.185444,0.244538,0.0,0.0,0.0,0.0,0.45464899999999997
2025-01-25T00:00:00,0.061592,0.327588,1.220232,0.019376,0.0,0.0,0.0,1.281824
2025-01-06T00:00:00,0.218117,0.378642,0.025261,0.012555,0.0,0.0,0.0,0.243378
2025-01-16T00:00:00,0.32689,0.32269,0.478975,0.065445,0.044098,0.0,0.0,0.805865
2025-01-02T00:00:00,0.000566,0.126723,0.2745,0.0,0.0,0.0,0.0,0.27506600000000003
2025-01-01T00:00:00,3e-05,0.011157,0.038863,0.0,0.0,0.0,0.0,0.038893000000000004
2025-01-30T00:00:00,0.132423,0.166703,0.483314,0.000737,0.092398,0.0,0.0,0.615737
2025-01-10T00:00:00,0.58836,0.370065,0.927445,0.0,0.0,0.0,0.0,1.5158049999999998
2025-01-08T00:00:00,0.190394,2.153816,2.492558,0.0,0.0,0.0,0.0,2.682952
2025-01-12T00:00:00,0.179306,0.061905,0.01909,0.0,0.0,0.0,0.0,0.198396
2025-01-31T00:00:00,0.006392,0.124648,0.030355,0.0,0.0,0.0,0.0,0.036747
2025-02-12T00:00:00,0.001399,0.096587,0.284906,0.0,0.0,0.000744,0.0,0.286305
2025-02-16T00:00:00,0.201193,0.003758,0.080408,0.0,0.0,0.0,0.0,0.281601
2025-02-25T00:00:00,0.000225,0.154718,0.024169,0.0,0.0,0.0,0.0,0.024394
2025-02-01T00:00:00,0.000321,0.04491,0.145252,0.0,0.0,0.0,0.0,0.14557299999999998
2025-02-24T00:00:00,0.194677,0.099999,0.084624,0.018249,0.0,0.0,0.0,0.279301
2025-02-22T00:00:00,0.131897,0.061561,0.037169,0.0,0.0,0.0,0.0,0.169066
2025-02-26T00:00:00,-5e-06,0.050744,0.126586,0.0,0.0,0.0,0.0,0.126581
2025-02-09T00:00:00,0.001261,0.131807,0.019951,0.002712,0.092293,0.0,0.0,0.021212
2025-02-28T00:00:00,0.008613,0.106062,0.058568,0.0,0.0,0.0,0.0,0.067181
2025-02-04T00:00:00,0.000274,0.033885,0.001494,0.0,0.0,0.0,0.052972,0.001768
2025-02-21T00:00:00,0.00757,0.595217,2.724225,0.16493,0.407446,0.016057,0.0,2.731795
2025-02-03T00:00:00,0.004262,0.044916,0.207353,0.0,0.049827,0.0,0.0,0.211615
2025-02-10T00:00:00,0.000758,0.100386,0.163727,0.0,0.025877,0.0,0.0,0.16448500000000002
2025-02-27T00:00:00,1.3e-05,0.065806,0.119508,0.0,0.0,0.0,0.0,0.119521
2025-02-13T00:00:00,-7e-06,0.161304,0.339043,0.0,0.0,0.0,0.0,0.339036
2025-02-08T00:00:00,-6e-06,0.139598,0.025745,0.0,0.0,0.0,0.0,0.025739
2025-02-17T00:00:00,0.130398,0.862482,0.212312,0.005067,0.005271,0.0,0.0,0.34270999999999996
2025-02-23T00:00:00,0.218131,0.259437,0.031371,0.0,0.0,0.0,0.0,0.249502
2025-02-15T00:00:00,0.000467,0.073042,0.050178,0.0,0.0,0.0,0.0,0.050645
2025-02-14T00:00:00,0.000879,0.314659,0.381638,0.000384,0.0,0.0,0.0,0.382517
2025-03-25T00:00:00,0.051163,0.411887,0.383901,0.0,0.009511,0.0,0.0,0.435064
2025-03-20T00:00:00,0.130658,0.035699,0.619666,0.0,0.016906,0.0,0.0,0.750324
2025-03-01T00:00:00,0.003972,0.117579,0.03454,0.0,0.0,0.0,0.0,0.038512000000000005
2025-03-16T00:00:00,0.007121,0.080456,0.228961,0.01109,1.087179,0.0,0.0,0.236082
2025-03-08T00:00:00,0.123683,0.054826,0.150676,0.00333,0.08255,0.0,0.0,0.274359
2025-03-21T00:00:00,0.13281,0.04912,0.380145,0.000838,0.0,0.0,0.0,0.512955
2025-03-10T00:00:00,0.125062,0.145418,0.357677,0.002617,0.808896,0.0,0.005942,0.48273900000000003
2025-03-29T00:00:00,0.002713,0.237723,0.427249,0.0,0.006535,0.0,0.0,0.429962
2025-03-15T00:00:00,-4e-06,0.141578,0.235252,0.128514,0.105745,0.143548,0.089654,0.23524799999999998
2025-03-19T00:00:00,0.207409,0.250686,0.408895,0.065104,0.093757,0.0053,0.033217,0.616304
2025-03-30T00:00:00,0.000382,0.24904,0.161207,0.045735,0.0,0.000617,0.011145,0.16158899999999998
2025-03-11T00:00:00,0.286112,0.096995,0.254315,0.024441,0.992532,0.0,0.0,0.540427
2025-03-17T00:00:00,0.079674,0.159471,0.318512,0.061349,0.08003,0.0,0.0,0.39818600000000004
2025-03-22T00:00:00,0.109799,0.043828,0.094909,0.011214,0.109373,0.0,0.0,0.204708
2025-03-09T00:00:00,0.154507,0.050889,0.172617,0.05469,0.000812,0.0,0.0,0.32712399999999997
2025-01-19T00:00:00,4.579592,13.836453,0.013064,0.0,0.0,0.0,0.0,4.592656
2025-01-21T00:00:00,8.368704,17.642128,4.307827,0.006635,0.017336,0.0,0.0,12.676530999999999
2025-02-05T00:00:00,4e-06,0.226916,0.264289,0.0,0.0,0.0,0.0,0.264293
2025-02-06T00:00:00,0.008345,0.212305,0.55523,0.0,0.0,0.000483,0.19229,0.563575
2025-02-11T00:00:00,0.003418,0.14478,0.279011,0.0,0.0,0.0,0.0,0.282429
2025-03-26T00:00:00,0.025953,0.409462,0.414951,0.01096,0.00337,0.0,0.0,0.440904
2025-05-22T00:00:00,0.000589,0.128167,0.112622,0.016229,0.066913,0.0,0.0,0.113211
2025-05-29T00:00:00,0.005365,0.062791,0.168152,0.010305,0.352647,0.0,0.0,0.173517
2025-05-19T00:00:00,0.134285,0.164306,0.321013,0.005837,0.005661,0.0,0.011491,0.455298
2025-05-13T00:00:00,-7e-06,0.140982,0.162772,0.019889,0.063168,0.0,0.0,0.162765
2025-05-02T00:00:00,0.145768,0.108558,1.542463,0.082354,0.011039,0.0,0.0,1.688231
2025-05-09T00:00:00,0.005515,0.053093,0.072575,0.063759,0.090396,0.0,0.0,0.07809
2025-05-26T00:00:00,9e-06,0.025899,0.047887,0.029097,0.053907,0.0,0.0,0.047896
2025-05-18T00:00:00,0.156555,0.200568,0.512935,0.009164,0.095097,0.0,0.0,0.66949
2025-05-04T00:00:00,0.0473,0.018322,0.094221,0.0,0.022146,0.0,0.0,0.141521
2025-05-30T00:00:00,0.111465,0.009288,0.008778,0.094412,0.0,0.0,0.0,0.12024299999999999
2025-05-10T00:00:00,1.9e-05,0.000352,0.002784,0.0,0.0,0.0,0.0,0.002803
2025-05-25T00:00:00,4.3e-05,0.095113,0.105138,0.011657,0.052712,0.0,0.0,0.105181
2025-05-24T00:00:00,0.002722,0.063983,0.132044,0.006599,0.087607,0.0,0.0,0.134766
2025-05-16T00:00:00,0.020454,0.209292,1.157936,0.003828,0.266088,0.0,0.0,1.17839
2025-05-17T00:00:00,0.245648,0.05013,0.407568,0.0,0.0,0.0,0.289596,0.653216
2025-05-14T00:00:00,0.001079,0.186264,0.48958,0.0,0.02707,0.0,0.0,0.490659
2025-05-05T00:00:00,0.000278,0.187597,0.50129,0.01102,0.070883,0.0,0.0,0.501568
2025-05-31T00:00:00,3e-05,0.004155,0.00429,0.0,0.0,0.0,0.0,0.00432
2025-01-15T00:00:00,0.649083,0.158573,0.68671,0.0,0.510861,0.0,0.0,1.335793
2025-01-20T00:00:00,9.263582,22.977956,0.541503,0.002203,0.0,7.2e-05,0.0,9.805085
2025-02-02T00:00:00,0.000817,0.135856,0.561103,0.0,0.0,0.0,0.0,0.56192
2025-03-02T00:00:00,0.097592,0.31815,0.437832,0.007442,0.084974,0.0,0.0,0.535424
2025-06-19T00:00:00,0.113853,0.037411,0.216189,0.005585,0.664239,0.0,0.206015,0.330042
2025-06-16T00:00:00,5e-06,0.135185,0.128307,0.011209,0.017299,0.0,0.079386,0.128312
2025-06-14T00:00:00,0.000241,0.076087,0.25493,0.0,0.001117,0.0,0.0,0.255171
2025-06-10T00:00:00,0.009748,0.014185,1.058002,0.0,0.0,0.0,0.0,1.0677500000000002
2025-06-27T00:00:00,0.085316,0.013645,0.31779,0.0,1.638887,0.0,0.0,0.403106
2025-06-02T00:00:00,0.085889,0.009875,0.005293,0.0,0.0,0.0,0.0,0.091182
2025-06-07T00:00:00,0.0719,0.01916,0.289049,0.021562,0.070321,0.0,0.0,0.360949
2025-06-11T00:00:00,0.054284,0.035656,0.599176,0.012996,0.009644,0.0,0.0,0.65346
2025-06-08T00:00:00,0.001329,0.016344,0.020534,0.001568,0.021389,0.0,0.0,0.021863
2025-06-17T00:00:00,0.0,0.148421,0.790993,0.0,0.051381,0.012258,0.068427,0.790993
2025-06-09T00:00:00,0.017648,0.005275,0.200088,0.004861,0.018149,0.0,0.0,0.21773599999999999
2025-06-13T00:00:00,0.147081,0.097106,0.235178,0.006522,0.604801,0.000762,0.0,0.382259
2025-06-01T00:00:00,1.2e-05,0.000669,0.000297,0.001364,0.018668,0.0,0.0,0.00030900000000000003
2025-06-12T00:00:00,0.046952,0.067597,0.458167,0.011636,0.573527,0.014138,0.0,0.505119
2025-06-29T00:00:00,0.063683,0.319053,0.77555,0.000563,0.589165,0.0,0.0,0.839233
2025-06-15T00:00:00,0.001061,0.014894,0.070577,0.043895,0.003966,0.0,0.0,0.07163800000000001
2025-04-29T00:00:00,0.005077,0.143768,0.450372,0.0,0.0,0.0,0.0,0.455449
2025-04-26T00:00:00,0.053757,0.064582,0.094963,0.0,0.0,0.0,0.0,0.14872000000000002
2025-04-15T00:00:00,0.094423,0.078897,0.642068,0.524941,0.408223,0.0,0.0,0.736491
2025-04-17T00:00:00,0.167708,0.325977,0.975389,0.168923,0.116733,0.0,0.0,1.143097
2025-04-25T00:00:00,0.009452,0.612841,0.425622,0.00813,0.004758,0.0,0.0,0.435074
2025-04-23T00:00:00,3.6e-05,0.389177,1.069382,0.160597,0.081147,0.0,0.0,1.069418
2025-04-19T00:00:00,0.030555,0.146743,0.509997,0.004741,0.001991,0.0,0.0,0.540552
2025-04-10T00:00:00,0.069593,0.624065,1.030326,0.015935,0.027295,0.0,0.0,1.099919
2025-04-14T00:00:00,0.028655,0.254023,1.217333,0.062036,0.915926,0.0,0.0,1.245988
2025-04-18T00:00:00,0.170378,0.391791,0.231519,0.019538,0.015425,0.0,0.0,0.401897
2025-04-01T00:00:00,0.002342,0.17603,0.276652,0.000811,0.0,0.001997,0.01491,0.278994
2025-04-22T00:00:00,0.13012,0.087266,0.338296,0.004685,0.025433,0.0,0.025249,0.468416
2025-04-04T00:00:00,0.000566,0.299681,0.788956,0.0,0.0,0.0,0.0,0.789522
2025-04-07T00:00:00,0.000414,0.431802,1.221081,0.0,0.063107,0.0,0.0,1.221495
2025-04-20T00:00:00,0.005732,0.024458,0.30201,0.016803,0.0,0.0,0.0,0.307742
2025-04-13T00:00:00,0.071975,0.259354,1.027515,0.0,0.020102,0.0,0.007499,1.0994899999999999
2025-04-02T00:00:00,3.2e-05,0.059941,0.488126,0.0,0.016918,0.008094,0.085831,0.488158
2025-06-06T00:00:00,0.062116,0.0806,0.641809,0.002481,0.062636,0.0,0.0,0.7039249999999999
2025-06-05T00:00:00,0.199065,0.173155,0.682554,0.035424,0.121861,0.001373,0.0,0.8816189999999999
2025-06-18T00:00:00,0.019228,0.056172,0.063505,0.001636,1.30674,0.0,0.074776,0.082733
2025-06-21T00:00:00,0.216824,0.046151,0.402162,0.0,0.99761,0.0,0.0,0.618986
2025-06-20T00:00:00,0.137185,0.082657,0.109414,0.0,1.37689,0.0,0.138375,0.246599
2025-07-27T00:00:00,0.015363,0.168469,2.063942,0.065183,0.072823,0.000257,0.0,2.0793049999999997
2025-07-26T00:00:00,0.064953,0.219014,0.829311,0.063106,0.9519,0.0,0.050039,0.8942640000000001
2025-07-14T00:00:00,1.1e-05,0.37032,0.474211,0.00014,0.034491,0.000274,0.0,0.474222
2025-07-24T00:00:00,0.007161,0.107273,1.225245,0.0,0.280221,0.0,0.0,1.232406
2025-07-04T00:00:00,0.004221,0.000966,0.019209,0.002137,1.690437,0.0,0.0,0.02343
2025-07-29T00:00:00,0.013945,0.530799,0.79588,0.0,0.0,0.0,0.011975,0.809825
2025-07-25T00:00:00,0.00184,0.391095,0.84193,0.000181,1.327876,0.0,0.0,0.8437699999999999
2025-07-11T00:00:00,0.009467,0.253819,0.667617,0.001674,0.814044,0.00056,0.0,0.677084
2025-07-12T00:00:00,0.03952,0.031902,0.379548,0.006829,1.173772,2.4e-05,0.0,0.419068
2025-07-10T00:00:00,0.00028,0.081183,0.302028,0.002584,0.876412,0.0,0.0,0.302308
2025-07-13T00:00:00,0.004212,0.025713,0.354159,0.013149,0.857036,0.0,0.021283,0.358371
2025-07-22T00:00:00,0.102719,0.024194,0.248511,7.7e-05,1.060477,0.0,0.040933,0.35123000000000004
2025-07-28T00:00:00,0.021223,0.366244,2.166298,0.000487,0.134107,0.000229,0.0,2.187521
2025-07-20T00:00:00,0.004796,0.008381,0.305675,0.005237,0.802557,0.0,0.0,0.310471
2025-07-07T00:00:00,0.011865,0.249656,0.382802,0.017403,0.0,0.00594,0.0,0.394667
2025-07-05T00:00:00,0.005765,0.005586,0.25769,0.003165,1.326332,0.0,0.0,0.263455
2025-07-03T00:00:00,0.000777,0.129281,0.251725,0.027771,1.026029,0.0,0.0,0.252502
2025-07-09T00:00:00,0.006016,0.298914,0.577725,0.000381,0.811363,0.0,0.0,0.5837410000000001
2025-07-06T00:00:00,0.006961,0.037362,0.20599,0.022144,1.501523,3.5e-05,0.0,0.212951
2025-07-18T00:00:00,0.000281,0.051217,0.277884,0.036192,0.697988,0.0,0.049559,0.278165
2025-07-19T00:00:00,0.000165,0.005967,0.141173,0.002413,0.916038,0.014838,0.0,0.141338
2025-08-25T00:00:00,0.024836,0.048284,0.143693,0.0,0.046179,0.0,0.0,0.16852899999999998
2025-08-20T00:00:00,0.065943,0.018307,0.049625,0.0,0.42641,0.010697,0.057766,0.115568
2025-08-02T00:00:00,0.000488,0.055833,0.02951,0.0,0.0,0.0,0.0,0.029998
2025-08-15T00:00:00,0.017867,0.236226,0.962549,0.007352,0.605165,0.0,0.0,0.980416
2025-08-10T00:00:00,0.008003,0.083787,0.5591,0.001044,0.949845,0.0,0.0,0.567103
2025-08-17T00:00:00,0.034328,0.076167,0.309363,0.00777,1.81983,0.0,0.0,0.34369099999999997
2025-08-18T00:00:00,0.05293,0.061556,0.29051,0.0,0.677071,0.00161,0.130087,0.34343999999999997
2025-08-03T00:00:00,0.006809,0.037828,0.26085,0.0,0.0,0.0,0.0,0.26765900000000004
2025-08-09T00:00:00,0.000581,0.016278,0.245831,0.005151,0.459446,0.0,0.0,0.246412
2025-08-29T00:00:00,0.000668,0.040362,0.169046,0.011772,0.045567,0.005739,0.057422,0.169714
2025-08-06T00:00:00,0.01824,0.066981,0.496487,0.012759,0.812499,0.0,0.044488,0.514727
2025-08-08T00:00:00,0.000321,0.034539,0.157989,2.2e-05,0.613699,0.008713,0.020596,0.15830999999999998
2025-08-26T00:00:00,0.001898,0.021205,0.087593,0.0,0.106208,0.0,0.0,0.089491
2025-08-07T00:00:00,0.009069,0.020392,0.423749,0.0,0.410806,0.0,0.000868,0.432818
2025-08-22T00:00:00,0.147508,0.016756,0.182845,0.0,1.066954,0.0,0.0,0.330353
2025-08-16T00:00:00,0.078154,0.123094,0.487101,0.003824,1.771645,0.0,0.0,0.5652550000000001
2025-08-01T00:00:00,0.000544,0.005983,0.032239,0.0,1.649859,0.0,0.0,0.032783
2025-08-21T00:00:00,0.080177,0.008609,0.017255,0.000565,1.032111,0.0,0.0,0.09743199999999999
2025-08-19T00:00:00,0.063094,0.084843,0.292859,0.010152,0.80644,0.031864,0.082145,0.35595299999999996
2025-08-24T00:00:00,0.001938,0.024042,0.036822,0.006725,0.06093,0.009088,0.018424,0.03876
2025-08-23T00:00:00,0.002148,0.07755,0.474464,0.055666,0.039147,0.0,0.00706,0.476612
2025-08-05T00:00:00,0.004867,0.067307,1.102464,0.146872,0.704118,0.0,0.06162,1.107331
2025-08-27T00:00:00,0.007986,0.023718,0.172358,0.013454,0.100418,0.0,0.0,0.180344
2025-08-04T00:00:00,0.003574,0.029817,0.669168,0.0,0.0,0.0,0.0,0.672742
2025-09-01T00:00:00,0.004835,0.03862,0.084532,0.003778,0.033974,0.0,0.103004,0.089367
2025-09-04T00:00:00,2.5e-05,0.03487,0.129671,0.0,0.00137,0.0,0.0,0.129696
2025-09-23T00:00:00,0.00207,0.086987,0.177597,0.000222,0.0,0.0,0.0,0.179667
2025-09-18T00:00:00,0.022126,0.122243,0.865381,0.125301,0.135274,0.0,0.0,0.8875069999999999
2025-09-08T00:00:00,0.001813,0.007926,0.068275,0.007089,0.12861,0.0,0.0,0.070088
2025-09-12T00:00:00,0.003471,0.029032,0.170435,0.0,0.0,0.0,0.0,0.173906
2025-09-14T00:00:00,0.038234,0.204891,0.633268,0.0,0.015601,0.0,0.0,0.671502
2025-09-28T00:00:00,0.000221,0.061613,0.770343,0.007269,0.076843,0.0,0.0,0.770564
2025-09-09T00:00:00,0.001707,0.1126,0.132339,0.014752,0.020385,0.0,0.0,0.134046
2025-09-16T00:00:00,0.11433,0.070758,0.383918,0.001242,0.732457,0.000411,0.081089,0.49824799999999997
2025-09-22T00:00:00,0.004228,0.126932,0.315005,0.018976,0.0,0.0,0.052879,0.319233
2025-09-20T00:00:00,0.001554,0.089339,0.395787,0.011426,0.0,0.0,0.0,0.397341
2025-09-11T00:00:00,0.001235,0.013818,0.091913,0.001297,0.0,0.0,0.0,0.093148
2025-09-15T00:00:00,0.036295,0.059047,0.47707,0.003162,0.740876,0.010553,0.0,0.513365
2025-09-21T00:00:00,0.001994,0.030501,0.576241,0.000157,0.0,0.0,0.0,0.578235
2025-08-31T00:00:00,0.001678,0.006263,0.020672,0.013258,0.097785,0.004799,0.035249,0.02235
2025-09-02T00:00:00,0.003723,0.065244,0.528054,0.011616,0.013886,0.0,0.0,0.531777
2025-09-05T00:00:00,0.005973,0.12299,0.167942,0.010057,0.000759,0.005916,0.062393,0.17391500000000001
2025-08-30T00:00:00,0.001107,0.005445,0.136429,0.033397,0.173977,0.001221,0.057716,0.137536
2025-09-03T00:00:00,0.001855,0.089954,0.136558,0.012863,0.042686,0.0,0.0,0.138413
2025-09-07T00:00:00,0.0043,0.006561,0.056584,8.7e-05,0.286109,0.0,0.0,0.060884
2025-09-13T00:00:00,0.000615,0.006968,0.097465,0.0,0.0,0.0,0.0,0.09808
2025-09-06T00:00:00,0.001189,0.001773,0.039375,0.008906,0.005091,0.0,0.0,0.040564
2025-09-26T00:00:00,0.000971,0.222711,0.21715,0.077197,0.0,0.0,0.0,0.218121
2025-09-24T00:00:00,0.007684,0.098957,0.681526,0.001031,0.0,0.0,0.0,0.68921
2025-09-30T00:00:00,0.011144,0.058204,0.287941,0.0,0.2749,0.001526,0.0,0.299085
2025-10-05T00:00:00,0.001378,0.066932,0.141939,0.0,0.0,0.0,0.0,0.143317
2025-10-07T00:00:00,0.007617,0.05037,0.168539,0.005904,0.050299,0.0,0.0,0.176156
2025-10-17T00:00:00,0.00167,0.093501,0.36503,0.005988,0.014361,0.0,0.107469,0.3667
2025-10-18T00:00:00,0.000671,0.078898,0.368295,0.13047,0.007509,0.0,0.0,0.36896599999999996
2025-10-15T00:00:00,0.011156,0.12622,1.032877,0.000371,1.885893,0.0,0.0,1.044033
2025-10-19T00:00:00,0.003964,0.095636,0.228674,0.004839,0.0,0.009371,0.064693,0.23263799999999998
2025-10-20T00:00:00,0.000404,0.098659,0.196363,0.0,0.015156,0.073463,0.030876,0.196767
2025-10-10T00:00:00,0.002406,0.044059,0.294621,0.005757,0.052656,0.0,0.0,0.29702700000000004
2025-10-21T00:00:00,0.002127,0.227139,0.32323,0.0,0.0,0.0,0.104185,0.325357
2025-10-04T00:00:00,0.004376,0.023174,0.246275,0.040154,0.0,0.000171,0.044853,0.250651
2025-10-12T00:00:00,0.000323,0.052979,0.207843,0.009162,0.0,0.007352,0.014005,0.208166
2025-10-09T00:00:00,0.001413,0.012035,0.135023,0.001556,0.026983,0.0,0.0,0.136436
2025-10-01T00:00:00,0.001803,0.123882,0.291203,0.000374,0.140911,0.0,0.0,0.293006
2025-10-11T00:00:00,0.000306,0.056877,0.31906,0.008374,0.086285,0.0,0.0,0.319366
2025-10-13T00:00:00,0.004338,0.340226,1.224293,0.050883,1.131332,0.0,0.0,1.228631
2025-10-08T00:00:00,0.002581,0.067942,0.476204,0.000174,0.0,0.0,0.0,0.478785
2025-10-14T00:00:00,0.012036,0.32243,0.313053,0.000206,1.376605,8e-05,0.047283,0.325089
2025-10-22T00:00:00,0.04805,0.177806,0.343308,0.008306,0.071656,0.0,0.06267,0.391358
2025-10-02T00:00:00,0.000364,0.015038,0.278434,0.035067,0.099833,0.0,0.0,0.278798
2025-10-06T00:00:00,0.004219,0.173092,0.287932,0.415454,0.773805,0.0,0.0,0.292151
2025-10-16T00:00:00,0.039342,0.05531,0.343457,0.001529,0.729597,0.0,0.0,0.382799
2025-11-15T00:00:00,0.00509,0.033246,0.236531,0.006228,0.804534,0.0,0.0,0.241621
2025-11-04T00:00:00,0.005542,0.156814,0.353163,0.011235,0.308131,0.0,0.0,0.358705
2025-11-11T00:00:00,0.024882,0.563099,0.767654,0.35707,1.659821,0.0,0.0,0.7925359999999999
2025-11-20T00:00:00,0.005592,0.405505,0.740226,0.229455,0.303947,0.0,0.0,0.7458180000000001
2025-10-26T00:00:00,0.003638,0.03002,0.326069,0.000324,0.001758,0.002543,0.0,0.329707
2025-11-21T00:00:00,0.000349,0.166137,0.361359,0.142541,0.421932,0.0,0.0,0.361708
2025-11-05T00:00:00,0.000833,0.277477,0.485899,0.04466,0.027988,0.0,0.0,0.486732
2025-11-19T00:00:00,0.006256,0.191231,0.690148,0.332484,0.028878,0.0,0.0,0.696404
2025-11-08T00:00:00,0.000153,0.032534,0.247634,0.031878,0.266858,0.0,0.0,0.24778699999999998
2025-11-12T00:00:00,0.098668,0.182546,0.061849,0.0,1.346397,0.0,0.0,0.16051700000000002
2025-11-07T00:00:00,3e-05,0.134559,0.208327,0.043399,0.000718,0.0,0.0,0.20835700000000001
2025-11-13T00:00:00,0.044584,0.364732,0.639178,0.016685,0.01307,0.0,0.0,0.683762
2025-11-10T00:00:00,0.00945,0.392248,0.217307,0.527806,1.646916,0.0,0.0,0.226757
2025-11-06T00:00:00,0.002635,0.103194,0.462685,0.012812,0.551135,0.0,0.0,0.46532
2025-10-30T00:00:00,0.000936,0.056165,0.387158,0.037352,0.314166,0.008038,0.0,0.388094
2025-11-16T00:00:00,0.007525,0.140695,0.044202,0.0,0.957545,0.0,0.001385,0.051726999999999995
2025-10-24T00:00:00,0.008694,0.057668,0.317676,0.003634,0.11854,0.0,0.0,0.32637
2025-10-25T00:00:00,0.002866,0.072458,0.629478,0.062843,0.062597,0.0,0.0,0.632344
2025-11-17T00:00:00,0.003312,0.355527,0.785084,0.111174,0.467182,0.0,0.0,0.788396
2025-11-01T00:00:00,0.000648,0.375455,0.642418,0.0439,0.597051,0.0,0.0,0.643066
2025-10-29T00:00:00,0.003109,0.07161,0.279395,0.00433,0.430352,0.016942,0.025023,0.282504
2025-11-02T00:00:00,0.006323,0.30301,0.86043,0.009759,0.902221,0.0,0.0,0.866753
2025-10-23T00:00:00,0.001002,0.133304,0.369798,0.011104,0.194975,0.0,0.0,0.3708
2025-11-03T00:00:00,0.005051,0.249694,0.438351,0.0,0.70937,0.0,0.0,0.44340199999999996
2025-10-27T00:00:00,0.033827,0.07093,0.166448,0.065643,1.341882,0.0,0.074413,0.200275
2025-10-28T00:00:00,0.038068,0.110923,0.486768,0.006579,0.753402,0.024936,0.031506,0.524836
2025-10-31T00:00:00,0.007619,0.058305,0.370946,0.021915,0.0,0.019412,0.021728,0.378565
2025-11-09T00:00:00,5.2e-05,0.051593,0.000835,0.015041,0.790647,0.0,0.0,0.000887
2025-11-27T00:00:00,-8e-06,0.000319,0.000677,0.0,0.169358,0.0,0.0,0.000669
2025-11-28T00:00:00,0.000244,0.099393,0.448129,0.00071,0.732306,0.0,0.0,0.448373
2025-11-25T00:00:00,0.010712,0.109986,0.189274,0.0,0.134325,0.0,0.0,0.199986
2025-11-26T00:00:00,0.0,0.00032,0.003495,0.0,0.0,0.0,0.0,0.003495
2025-11-24T00:00:00,0.009415,0.207899,0.043085,0.000359,1.361298,0.0,0.0,0.0525
2025-11-22T00:00:00,0.004051,0.00134,0.005788,0.0,0.160091,0.0,0.0,0.009839
2025-11-30T00:00:00,0.005311,0.151686,0.2649,0.0,1.015887,0.0,0.0,0.27021100000000003
2025-11-29T00:00:00,9.8e-05,0.198291,0.169036,0.0,0.837625,0.0,0.0,0.16913399999999998
2025-11-23T00:00:00,0.00026,0.04892,0.130526,0.0,0.056843,0.0,0.0,0.130786
2025-01-23T00:00:00,8.16362,2.104761,1.782925,0.022123,0.184581,0.000256,0.0,9.946545
2025-02-18T00:00:00,0.000942,1.305666,2.426105,0.124222,0.0,0.002179,0.033252,2.4270470000000004
2025-02-20T00:00:00,0.000516,0.51399,1.865097,0.138288,1.179027,0.0,0.024428,1.865613
2025-02-19T00:00:00,4.2e-05,0.659276,1.883128,0.309089,0.255383,0.0,0.700672,1.88317
2025-12-26T00:00:00,0.000247,0.049853,0.031224,0.0,0.0,0.0,0.0,0.031471
2025-12-28T00:00:00,0.010793,0.012416,0.031324,0.0,0.0,0.00039,0.003368,0.042117
2025-12-24T00:00:00,0.000505,0.014227,0.002336,0.0,0.0,0.0,0.0,0.0028409999999999998
2025-12-13T00:00:00,0.407195,0.020116,0.174837,0.0,0.696458,0.0,0.0,0.582032
2025-12-25T00:00:00,0.002867,0.001497,0.00769,0.0,0.0,0.0,0.0,0.010557
2025-12-05T00:00:00,0.034651,0.091021,0.255581,0.004047,0.004767,0.0,0.094318,0.290232
2025-12-29T00:00:00,0.374528,0.025657,0.066178,0.0,0.014954,0.018282,0.00401,0.44070600000000004
2025-12-03T00:00:00,0.050377,0.067154,0.206599,0.012253,0.636469,0.0,0.0,0.256976
2025-12-19T00:00:00,0.000115,0.046129,0.009349,0.0,0.789427,0.0,0.0,0.009464
2025-12-21T00:00:00,1e-06,0.005261,0.171642,0.001831,0.445688,0.0,0.0,0.171643
2025-12-09T00:00:00,0.161463,0.285528,1.225698,0.014658,0.018527,0.0,0.021743,1.3871609999999999
2025-12-01T00:00:00,0.001656,0.156923,0.224019,0.001431,0.69444,0.0,0.0,0.225675
2025-12-23T00:00:00,2e-06,0.093608,0.576482,0.0,0.0,0.0,0.0,0.576484
2025-12-10T00:00:00,0.156243,0.206309,0.618877,0.054633,0.35444,0.000155,0.043947,0.77512
2025-12-20T00:00:00,0.000958,0.002614,0.039347,0.0,0.859966,0.0,0.0,0.040305
2025-12-27T00:00:00,1.2e-05,0.014746,0.059776,0.0,0.0,0.0,0.0,0.059788
2025-12-18T00:00:00,0.010363,0.019588,0.11349,0.022995,0.232473,0.0,0.0,0.12385299999999999
2025-12-02T00:00:00,0.034579,0.144515,0.509955,0.038424,0.643071,0.0,0.0,0.5445340000000001
2025-12-06T00:00:00,0.189202,0.09706,0.588669,0.0,0.383383,0.0,0.0,0.777871
2025-12-30T00:00:00,0.234406,0.201627,0.098778,0.030869,0.0,0.035904,0.0,0.33318400000000004
2025-12-04T00:00:00,0.079507,0.08416,0.448385,0.015612,0.521632,0.0,0.0,0.527892
2025-12-08T00:00:00,0.314904,0.095374,1.339227,0.005481,0.34085,0.0,0.117288,1.654131
2025-12-07T00:00:00,0.400788,0.191756,0.751908,0.0,0.491104,0.015609,0.095318,1.152696
2025-12-31T00:00:00,0.441989,0.059362,0.046537,0.0,0.0,0.0,0.0,0.488526
2026-01-01T00:00:00,0.308302,0.031479,0.003954,0.0,0.0,0.0,0.0,0.31225600000000003
2026-01-16T00:00:00,0.626792,0.100131,0.048362,0.000364,0.51385,0.003237,0.046754,0.675154
2026-01-18T00:00:00,2.824221,0.047643,0.087899,0.0,1.69432,0.004227,0.073597,2.9121200000000003
2026-01-19T00:00:00,5.784977,0.004568,0.018109,0.003657,2.191497,0.0,0.0,5.8030859999999995
2026-01-09T00:00:00,5e-06,0.050977,0.029648,0.0,0.0,0.0,0.0,0.029653000000000002
2026-01-10T00:00:00,0.0,0.002843,0.005005,0.0,0.0,0.0,0.0,0.005005
2026-01-06T00:00:00,0.153563,0.006009,0.01707,0.0,0.0,0.0,0.0,0.170633
2026-01-05T00:00:00,0.196508,0.074989,0.035866,0.0,0.0,0.0,0.0,0.232374
2026-01-07T00:00:00,0.000148,0.026404,0.064151,0.0,0.0,0.0,0.0,0.064299
2026-01-26T00:00:00,4.348441,41.283899,6.926251,0.0,0.0,0.0,0.028744,11.274692
2026-01-12T00:00:00,0.185381,0.001729,0.310439,0.056129,0.028627,0.0,0.0,0.49582000000000004
2026-01-13T00:00:00,0.225592,0.040227,0.154261,0.009295,0.101533,0.0,0.0,0.379853
2026-01-11T00:00:00,0.001188,0.059401,0.049943,0.05535,0.0,0.0,0.0,0.051131
2026-01-14T00:00:00,0.159157,0.084313,0.084316,0.0,0.0,0.013202,0.064875,0.243473
2026-01-27T00:00:00,3.343893,55.837397,16.753301,0.0,0.0,0.1623,0.204364,20.097194000000002
2026-01-29T00:00:00,3.672062,19.459585,4.449179,0.052086,0.08187,0.0,0.0,8.121241
2026-01-08T00:00:00,0.000694,0.019409,0.002608,0.0,0.0,0.0,0.0,0.0033020000000000002
2026-01-21T00:00:00,2.125567,0.098086,1.373219,0.020789,0.395505,0.01183,0.027047,3.498786
2026-01-24T00:00:00,5.197049,6.736798,8.214424,0.0,0.023332,0.0,0.00037,13.411472999999999
2026-01-02T00:00:00,0.161612,0.074069,0.210513,0.0,0.0,0.0,0.0,0.37212500000000004
2026-01-03T00:00:00,0.211079,0.236919,0.635176,0.0,0.0,0.0,0.0,0.846255
2026-01-15T00:00:00,1.158027,0.026159,0.071195,0.0,0.163645,0.034169,0.157727,1.2292219999999998
2026-01-04T00:00:00,0.245189,0.04773,0.086802,0.0,0.0,0.0,0.0,0.331991
2026-01-17T00:00:00,0.028338,0.004652,0.022549,0.0,1.551331,0.0,0.0,0.050887
2026-01-22T00:00:00,-1.1e-05,0.000612,0.047836,0.0,0.76713,0.015948,0.17831,0.047825
2026-01-25T00:00:00,7.877815,8.567987,38.074879,0.0,0.057525,0.0,0.0,45.952694
2026-01-23T00:00:00,0.838779,0.062883,0.377169,0.0,0.0,0.0,0.0,1.215948
2026-02-21T00:00:00,0.007078,0.000868,0.009364,0.0,0.895356,0.0,0.0,0.016442000000000002
2026-02-15T00:00:00,-8e-06,0.015636,0.690988,0.00936,0.0,0.0,0.0,0.69098
2026-02-14T00:00:00,-1e-05,0.017675,0.633613,0.0,0.0,0.0,0.0,0.633603
2026-02-23T00:00:00,0.019477,0.185031,0.196548,0.015118,0.080895,0.006116,0.096962,0.216025
2026-02-01T00:00:00,3.896054,0.774088,12.945258,0.0,0.0,0.0,0.0,16.841312000000002
2026-02-18T00:00:00,0.005688,0.016208,0.354331,0.0,0.0,0.033019,0.020111,0.36001900000000003
2026-02-24T00:00:00,0.069341,0.176361,0.550766,0.027325,0.417758,0.009474,0.085321,0.620107
2026-02-16T00:00:00,0.006825,0.058025,0.453805,0.0,0.0,0.0,0.036602,0.46063000000000004
2026-02-26T00:00:00,0.000281,0.101621,0.277896,0.053715,0.851048,0.0,0.262031,0.27817699999999995
2026-02-13T00:00:00,0.001937,0.047044,0.800853,0.00241,0.0,0.01098,0.042091,0.80279
2026-02-28T00:00:00,0.009693,0.000176,0.001189,0.0,1.206939,0.0,0.0,0.010882
2026-02-05T00:00:00,0.48266,1.150879,3.134251,0.033828,1.756297,0.013918,0.149214,3.616911
2026-02-19T00:00:00,0.00012,0.031356,0.037342,0.019013,0.001886,0.0,0.0,0.037462
2026-02-03T00:00:00,0.000416,0.247287,1.245247,0.087332,1.01623,0.0,0.0,1.245663
2026-02-27T00:00:00,0.071173,0.08132,0.121809,0.179361,0.901376,0.0,0.0,0.192982
2026-02-22T00:00:00,0.002109,0.011448,0.089624,0.0,0.703485,0.0,0.0,0.091733
2026-02-04T00:00:00,-9e-06,0.269754,0.888275,0.037101,1.022489,0.0,0.0,0.888266
2026-02-17T00:00:00,0.001153,0.010627,0.51758,0.0,0.005584,0.0,0.0,0.518733
2026-02-02T00:00:00,0.569139,0.470561,5.228201,0.003464,0.018291,0.0,0.0,5.79734
2026-02-20T00:00:00,0.005548,0.044782,0.001446,0.0,0.0,0.0,0.0,0.006994
2026-02-10T00:00:00,0.004717,0.162354,0.212212,0.007283,0.477948,0.046123,0.062572,0.216929
2026-02-12T00:00:00,0.005575,0.100741,0.400972,0.046508,1.302963,0.000843,0.0,0.406547
2026-02-11T00:00:00,1e-06,0.110238,0.302251,0.0035,1.416619,0.019356,0.001832,0.30225199999999997
2026-02-25T00:00:00,0.064441,0.062552,0.243123,0.0,1.903217,0.0,0.0,0.307564
2025-01-29T00:00:00,0.117623,0.048599,0.046195,0.0,0.0,0.0,0.0,0.16381800000000002
2025-02-07T00:00:00,5.4e-05,0.16476,0.32201,0.0,0.0,0.0,0.0,0.322064
2025-03-05T00:00:00,0.000297,0.124061,0.19185,0.017731,0.026469,0.0,0.0,0.19214699999999998
2025-03-06T00:00:00,0.115108,0.178128,1.004803,0.0,0.0,0.0,0.0,1.1199109999999999
2025-03-04T00:00:00,0.104588,0.12368,0.296198,0.076068,0.053772,0.0,0.0,0.40078600000000003
2025-03-07T00:00:00,0.050255,0.245526,0.419434,0.016625,0.040324,0.0,0.0,0.46968899999999997
2025-03-03T00:00:00,0.061157,0.765157,0.667116,0.085952,0.071079,0.0,0.0,0.7282730000000001
2025-03-14T00:00:00,0.002951,0.02724,0.166199,0.133916,0.132688,0.109336,0.0,0.16915000000000002
2025-03-12T00:00:00,0.141197,0.442458,0.835868,0.196339,0.317487,0.0,0.0,0.9770650000000001
2025-03-13T00:00:00,0.051997,0.170449,0.262106,0.062075,0.142463,0.0,0.0,0.314103
2025-03-18T00:00:00,0.054964,0.111518,0.818235,0.010058,0.280608,0.0,0.093855,0.8731990000000001
2025-03-24T00:00:00,0.073544,0.079955,0.195402,0.0,0.009493,0.0,0.182148,0.268946
2025-03-23T00:00:00,0.150323,0.221978,0.310319,0.014739,0.081914,0.0,0.0,0.460642
2025-03-28T00:00:00,0.097162,0.087841,1.056373,0.010674,0.000475,0.003256,0.0,1.153535
2025-03-27T00:00:00,0.028983,0.627325,0.55741,0.85026,0.158389,0.009779,0.144414,0.5863929999999999
2025-03-31T00:00:00,0.001037,0.200293,0.113333,0.0,0.234826,0.0,0.0,0.11437
2025-04-03T00:00:00,0.000784,0.055744,0.189171,0.025285,0.038883,0.0,0.0,0.189955
2025-04-06T00:00:00,0.000594,0.139708,1.015808,0.005098,0.157627,0.0,0.0,1.016402
2025-04-05T00:00:00,1.3e-05,0.200657,0.733557,0.128366,0.058934,0.0,0.0,0.73357
2025-04-09T00:00:00,0.260304,0.601361,1.468426,0.130783,0.192652,0.0,0.0,1.72873
2025-04-08T00:00:00,0.152034,0.942705,0.759853,0.068608,0.0,0.0,0.0,0.911887
2025-04-11T00:00:00,0.038773,0.509418,1.384429,0.0,0.041817,0.0,0.0,1.4232019999999999
2025-04-12T00:00:00,0.000138,0.288209,1.28006,0.005749,0.001526,0.0,0.010569,1.280198
2025-04-16T00:00:00,0.238123,0.535678,0.825126,0.042299,0.053483,0.0,0.0,1.063249
2025-04-21T00:00:00,0.108552,0.091347,0.454581,0.024776,0.032363,0.0,0.000816,0.563133
2025-04-24T00:00:00,0.035156,0.228751,1.468893,0.106338,0.045438,0.0,0.0,1.504049
2025-04-27T00:00:00,0.00151,0.015048,0.029301,0.006055,0.142636,0.0,0.0,0.030811
2025-04-28T00:00:00,0.002388,0.151277,0.268039,0.0,0.0,0.0,0.0,0.27042700000000003
2025-05-01T00:00:00,0.026393,0.158338,0.947632,0.0,0.048702,0.0,0.0,0.974025
2025-04-30T00:00:00,0.002301,0.26165,0.248941,0.0,0.067539,0.00104,0.004901,0.251242
2025-05-03T00:00:00,0.001912,0.119225,0.660966,0.0,0.0,0.0,0.0,0.6628780000000001
2025-05-06T00:00:00,0.079032,0.270451,0.507726,0.0,0.049971,0.0,0.0,0.586758
2025-05-07T00:00:00,0.013521,0.251432,0.03582,0.028823,0.001461,0.0,0.0,0.049340999999999996
2025-05-08T00:00:00,0.050139,0.121144,0.342661,0.013877,0.002247,0.0,0.0,0.3928
2025-05-12T00:00:00,0.005508,0.132195,0.251636,0.020767,0.117205,0.0,0.0,0.25714400000000004
2025-05-11T00:00:00,0.002862,0.011296,0.0592,0.0,0.0,0.0,0.0,0.062062000000000006
2025-05-15T00:00:00,0.168639,0.185785,0.869311,0.023322,0.0,0.0,0.0,1.03795
2025-05-20T00:00:00,0.0,0.219259,0.334693,0.022442,0.089085,0.0,0.0,0.334693
2025-05-21T00:00:00,0.006532,0.097089,0.07698,0.000857,0.025422,0.004504,0.0,0.083512
2025-05-23T00:00:00,9.3e-05,0.026474,0.020325,0.052376,0.001097,0.0,0.0,0.020418
2025-05-28T00:00:00,4.3e-05,0.099343,0.373714,0.003466,0.132031,0.0,0.0,0.373757
2025-05-27T00:00:00,0.00362,0.099806,0.179748,0.005684,0.151033,0.0,0.0,0.183368
2025-06-03T00:00:00,0.117594,0.030498,0.240697,0.010794,0.025033,0.027758,0.093476,0.358291
2025-06-04T00:00:00,0.03413,0.170958,0.703202,0.004786,0.059155,0.01097,0.0,0.737332
2025-06-25T00:00:00,0.037164,0.762034,1.523462,0.002465,1.222441,2.3e-05,0.0,1.560626
2025-06-26T00:00:00,0.019636,0.119151,0.483281,0.158121,2.604421,0.0,0.0,0.5029170000000001
2025-06-23T00:00:00,0.011068,0.199189,0.608019,0.001089,0.0,0.0,0.0,0.6190869999999999
2025-06-24T00:00:00,0.015249,0.108544,1.527884,0.000874,0.015722,0.0,0.0,1.543133
2025-06-22T00:00:00,0.188048,0.07725,1.604515,0.000806,0.009709,0.0,0.015518,1.792563
2025-06-28T00:00:00,0.121236,0.184063,0.676796,0.062074,1.224861,0.0,0.02082,0.798032
2025-07-01T00:00:00,0.067468,0.078195,0.791824,0.005324,0.422473,0.0,0.0,0.859292
2025-06-30T00:00:00,0.125413,0.218573,1.011131,0.039653,0.326316,0.0,0.0,1.136544
2025-07-02T00:00:00,0.000284,0.124823,0.26503,0.003631,1.084062,0.0,0.0,0.265314
2025-07-08T00:00:00,0.002329,0.460759,0.887267,0.076081,0.371255,0.000149,0.0,0.889596
2025-07-16T00:00:00,0.020792,0.508431,0.997496,0.017223,0.191294,0.0,0.290234,1.018288
2025-07-17T00:00:00,0.065775,0.51893,0.49397,0.005434,0.874064,0.0,0.011456,0.559745
2025-07-15T00:00:00,0.001837,0.085531,3.319258,0.0,0.0,0.005141,0.000469,3.321095
2025-07-21T00:00:00,0.056098,0.139176,0.246787,0.114587,1.26963,0.006408,0.038288,0.302885
2025-07-23T00:00:00,0.102272,0.06709,0.182846,0.0,1.063733,0.0,0.0,0.285118
2025-07-30T00:00:00,0.061122,0.282696,0.9744,0.016967,0.037192,0.0,0.0,1.035522
2025-07-31T00:00:00,0.022165,0.177393,0.652418,0.009951,0.256774,0.0,0.0,0.674583
2025-08-11T00:00:00,0.119788,0.354542,0.461427,0.085613,0.401571,0.0,0.044067,0.581215
2025-08-14T00:00:00,0.0919,0.554477,0.289445,0.000341,0.981147,0.0,0.080631,0.381345
2025-08-12T00:00:00,0.06625,0.228169,0.508703,0.009208,0.278044,0.0,0.039138,0.574953
2025-08-13T00:00:00,0.110267,0.304951,1.022503,0.033425,0.206963,9e-05,0.1332,1.1327699999999998
2025-08-28T00:00:00,0.004102,0.097127,0.410669,0.00511,0.0,0.0,0.0,0.414771
2025-09-10T00:00:00,0.000576,0.035452,0.340099,0.121727,0.075782,0.0,0.0,0.340675
2025-09-17T00:00:00,0.057976,0.064015,0.647963,0.033294,0.0,0.0,0.0,0.705939
2025-09-19T00:00:00,0.004509,0.175944,0.682246,0.079113,0.148346,0.007408,0.0,0.686755
2025-09-27T00:00:00,0.016847,0.123897,0.184812,0.002906,0.0,0.003193,0.0,0.201659
2025-09-29T00:00:00,0.008842,0.089539,0.767266,0.004416,0.696145,0.0,0.0,0.776108
2025-10-03T00:00:00,0.000649,0.051611,0.438677,0.014176,0.08647,0.0,0.0,0.439326
2025-11-14T00:00:00,0.000982,0.342172,0.656984,0.038053,0.303386,0.000327,0.147588,0.657966
2025-11-18T00:00:00,0.003664,0.301727,1.061237,0.387999,0.0,0.0,0.003513,1.0649009999999999
2025-12-11T00:00:00,0.142812,0.140492,1.307306,0.107017,0.664018,0.0,0.0,1.450118
2025-12-12T00:00:00,0.144329,0.071947,0.626625,0.00835,0.248471,0.0,0.0,0.770954
2025-12-15T00:00:00,1.180402,0.574406,3.583046,0.015652,5.4e-05,0.008604,0.0,4.763448
2025-12-17T00:00:00,-6e-06,0.086117,0.199411,0.016183,0.383531,0.002046,0.0,0.199405
2025-12-14T00:00:00,0.903247,0.036054,1.539205,0.0,0.0,0.0,0.0,2.442452
2025-12-22T00:00:00,0.018322,0.042363,0.387846,0.031816,0.585205,0.0,0.0,0.40616800000000003
2026-01-20T00:00:00,5.021493,0.153369,1.385571,0.000217,0.898216,0.0,0.0,6.407064
2026-01-28T00:00:00,4.612853,44.581229,19.221847,0.000214,0.007848,0.0,0.0,23.8347
2026-01-30T00:00:00,4.07346,7.895666,2.272518,0.0,0.025283,0.0,0.010972,6.345978
2026-01-31T00:00:00,2.774201,1.178866,8.143738,0.0,0.0,0.0,0.138477,10.917939
2026-03-21T00:00:00,9.8e-05,0.055121,0.124905,0.0,0.832676,0.0,0.0,0.125003
2026-03-09T00:00:00,0.009774,0.0333,0.359669,0.019039,0.099957,0.003018,0.024163,0.369443
2026-03-25T00:00:00,0.01156,0.06825,0.303778,0.034692,1.256581,0.0,0.0,0.315338
2026-03-27T00:00:00,0.000934,0.02163,0.434594,0.000383,0.624808,0.0,0.012002,0.43552799999999997
2026-03-07T00:00:00,0.000402,0.034557,0.071481,0.001184,0.036945,0.0,0.0,0.071883
2026-03-05T00:00:00,0.000268,0.114837,0.206127,0.008798,0.309844,0.0,0.0,0.206395
2026-03-22T00:00:00,0.000621,0.0678,0.317659,0.00134,1.057526,0.0,0.07193,0.31828
2026-03-13T00:00:00,0.010981,0.140412,1.948694,0.667306,0.446022,0.0,0.011398,1.9596749999999998
2026-03-20T00:00:00,0.005278,0.022926,0.398558,0.001568,1.066265,0.0,0.0,0.40383600000000003
2026-03-24T00:00:00,0.068254,0.090436,0.395178,0.058788,1.187296,0.024938,0.0936,0.46343199999999996
2026-03-30T00:00:00,0.001223,0.029223,0.319754,0.012861,0.225538,0.035938,0.0,0.32097699999999996
2026-03-17T00:00:00,0.006644,0.039251,0.376307,0.041491,2.588485,0.0,0.0,0.382951
2026-03-26T00:00:00,0.000473,0.034835,0.432685,0.0,0.090128,0.005764,0.102086,0.433158
2026-03-08T00:00:00,0.021025,0.017083,0.605153,0.005738,0.0,0.281796,0.0,0.626178
2026-03-02T00:00:00,0.054208,0.163112,0.914966,0.0,1.91781,0.0,0.0,0.969174
2026-03-12T00:00:00,0.010027,0.03404,5.007905,0.0,0.0,0.0,0.0,5.017932
2026-03-03T00:00:00,0.108311,0.237693,0.772044,0.0,0.844579,0.0,0.0,0.880355
2026-03-15T00:00:00,0.104309,0.000996,0.043672,0.0,2.206754,0.0,0.0,0.147981
2026-03-01T00:00:00,0.149674,0.025588,0.066594,0.0,0.850679,0.0,0.0,0.21626800000000002
2026-03-28T00:00:00,0.005365,0.0294,0.198791,0.011362,2.106078,0.0,0.043156,0.204156
2026-03-06T00:00:00,-3e-06,0.060405,0.0821,0.018642,0.011899,0.0,0.03261,0.082097
2026-03-23T00:00:00,0.003344,0.111979,0.434362,0.033421,0.508152,0.0,0.0,0.43770600000000004
2026-03-04T00:00:00,0.002574,0.140552,0.389595,0.000145,0.132795,0.0,0.0,0.39216900000000005
2026-03-10T00:00:00,0.0019,0.032482,0.080401,0.007278,0.49476,0.0,0.0,0.082301
2026-03-29T00:00:00,0.054091,0.027656,0.22318,0.037274,1.151839,0.0,0.0,0.277271
2026-03-18T00:00:00,0.047482,0.13115,0.988222,0.424932,2.721581,0.020816,0.019501,1.035704
2026-03-16T00:00:00,0.019832,0.003269,0.261619,0.0,1.663049,0.0,0.0,0.281451
2026-03-19T00:00:00,0.004724,0.256286,0.129378,0.050651,3.023869,0.0,0.0,0.134102
2026-03-14T00:00:00,0.05817,0.032538,0.080553,0.520327,0.681412,0.0,0.0,0.13872299999999999
2026-03-31T00:00:00,0.049307,0.068619,0.297442,0.102003,0.899171,0.065294,0.199779,0.346749
2025-01-22T00:00:00,8.717987,10.04268,3.47196,0.064443,0.196241,0.0,0.0,12.189947
2025-09-25T00:00:00,0.000928,0.206695,0.313837,0.114012,0.01657,0.0,0.0,0.31476499999999996
2025-12-16T00:00:00,0.68659,0.752156,4.04162,0.063554,0.157143,0.0,0.0,4.72821
2026-02-07T00:00:00,1.441482,0.113569,1.460552,0.005363,0.0,0.0,0.0,2.902034
2026-02-06T00:00:00,1.391312,0.1204,2.97422,0.000189,0.086937,0.002615,0.000615,4.365532
2026-02-09T00:00:00,0.885711,0.267848,6.162933,0.038663,0.054288,3e-06,0.0,7.0486439999999995
2026-02-08T00:00:00,1.237032,0.37533,3.753907,0.006735,2.55692,0.0,0.0,4.990939
2026-03-11T00:00:00,0.126728,0.028683,0.217011,0.020147,0.144058,0.096903,0.047392,0.343739
2026-04-11T00:00:00,0.170643,0.010205,0.030158,0.004747,1.820266,0.0,0.0,0.20080099999999998
2026-04-16T00:00:00,0.241523,0.066674,0.704748,0.0,0.964209,0.011161,0.22989,0.9462710000000001
2026-04-21T00:00:00,0.000607,0.070931,1.103459,0.109885,2.11393,0.0104,0.014545,1.104066
2026-04-09T00:00:00,0.106073,0.070579,0.08765,0.008547,1.72682,0.003053,0.0,0.193723
2026-04-24T00:00:00,0.001796,0.221355,0.583094,0.604103,0.03129,0.049659,0.0,0.58489
2026-04-15T00:00:00,0.261553,1.180974,0.734804,0.010238,0.904523,0.005792,0.22636,0.9963569999999999
2026-04-05T00:00:00,0.128918,0.087,0.448096,0.0,1.33719,0.0,0.0,0.577014
2026-04-29T00:00:00,0.109509,0.028811,0.278804,0.001812,3.254768,0.0,0.001001,0.388313
2026-04-19T00:00:00,0.123185,0.026181,0.882504,0.0,2.032532,0.014816,0.0,1.005689
2026-04-25T00:00:00,0.021536,0.140543,0.117431,0.014814,2.252925,0.0,0.0,0.138967
2026-04-23T00:00:00,0.003241,0.206509,0.943407,0.095332,0.25704,0.041403,0.040367,0.946648
2026-04-12T00:00:00,0.148262,0.00246,0.217454,0.0,1.536408,0.001855,0.002626,0.36571600000000004
2026-04-10T00:00:00,0.103627,0.048981,0.053502,0.0,0.902701,0.0,0.0,0.157129
2026-04-04T00:00:00,0.061046,0.004707,0.67395,0.0,0.081163,0.0,0.109696,0.7349960000000001
2026-04-20T00:00:00,0.006344,0.363114,2.134291,0.417153,0.845162,0.019806,0.0,2.140635
2026-04-28T00:00:00,0.011642,0.020137,0.594769,0.00238,0.811074,0.0,0.0,0.606411
2026-04-18T00:00:00,0.014653,0.076324,0.63449,0.00545,1.5591,0.155284,0.193758,0.649143
2026-04-27T00:00:00,0.02959,0.097801,0.357618,0.000196,0.0,0.0,0.0,0.387208
2026-04-13T00:00:00,0.038669,0.003489,0.612004,0.043386,3.323995,0.025357,0.068459,0.650673
2026-04-14T00:00:00,0.250826,0.074418,1.103699,0.0,1.137119,0.017364,0.075856,1.354525
2026-04-02T00:00:00,0.072188,0.021575,0.433839,0.016377,0.874459,0.0,0.0,0.506027
2026-04-30T00:00:00,0.011011,0.13892,0.488781,0.107154,3.163106,0.0,0.0,0.499792
2026-04-03T00:00:00,0.072097,0.076879,0.191869,0.009357,0.890743,0.0,0.229589,0.26396600000000003
2026-04-01T00:00:00,-2e-05,0.009994,0.194766,0.037787,0.139686,0.0,0.0,0.194746
2026-04-06T00:00:00,0.086667,0.126068,1.340909,0.068841,0.712035,0.012078,0.033151,1.427576
2026-04-07T00:00:00,0.004047,0.196815,0.274732,0.001955,1.336916,0.0002,0.088557,0.278779
2026-04-22T00:00:00,0.001946,0.047629,0.439425,0.020833,0.022774,0.0,0.0,0.441371
2026-04-17T00:00:00,0.265088,0.252067,0.386443,0.025062,1.639743,0.0,0.078417,0.651531
2026-04-26T00:00:00,0.158749,0.004137,0.16079,0.007978,1.25489,0.0,0.0,0.319539
2026-04-08T00:00:00,0.044582,0.057793,0.282545,0.002322,1.83336,0.03423,0.0,0.327127
2026-05-03T00:00:00,0.002906,0.092034,0.240455,0.0,1.940858,0.0,0.0,0.243361
2026-05-19T00:00:00,0.017461,0.422058,1.132621,0.104468,0.730045,0.019029,0.0,1.150082
2026-05-20T00:00:00,0.029732,0.222268,1.132879,0.034597,2.328582,0.004549,0.0,1.162611
2026-05-08T00:00:00,0.179052,0.098917,0.243472,0.013171,1.205582,0.0,0.0,0.422524
2026-05-29T00:00:00,0.287787,0.076083,0.301656,0.009199,0.02191,0.0,0.0,0.5894429999999999
2026-05-04T00:00:00,0.000131,0.034612,0.307143,0.0,1.620319,0.0,0.0,0.307274
2026-05-05T00:00:00,-0.050617,0.083658,1.705747,0.002859,1.557293,0.0,0.0,1.65513
2026-05-25T00:00:00,2.3e-05,0.085631,0.254701,0.0,3.702486,0.0,0.0,0.254724
2026-05-23T00:00:00,2e-06,0.153065,0.079602,0.0,3.759208,0.0,0.0,0.07960400000000001
2026-05-07T00:00:00,0.189797,0.194447,0.503173,0.123354,1.76817,0.0,0.0,0.69297
2026-05-01T00:00:00,0.001062,0.116423,0.524026,0.006892,3.240839,0.0,0.0,0.525088
2026-05-16T00:00:00,0.002563,0.006203,0.27494,0.0,2.98588,0.0,0.0,0.277503
2026-05-22T00:00:00,-1.7e-05,0.31141,0.00102,0.0,5.512537,0.0,0.0,0.001003
2026-05-14T00:00:00,0.00353,0.091911,0.484298,0.0,2.815143,0.0,0.0,0.487828
2026-05-18T00:00:00,0.027162,0.759864,1.701147,0.017209,0.433244,0.313338,0.402585,1.7283089999999999
2026-05-06T00:00:00,0.067237,0.07904,1.274276,0.002777,1.935457,0.0,0.0,1.341513
2026-05-12T00:00:00,0.15468,0.214575,0.109175,0.0,1.497684,0.0,0.0,0.263855
2026-05-11T00:00:00,0.140967,0.585995,0.090521,0.0,1.462011,0.0,0.0,0.23148800000000003
2026-05-15T00:00:00,0.000209,0.003677,0.011076,0.0,3.366435,0.0,0.0,0.011285000000000002
2026-05-17T00:00:00,0.083625,0.008725,0.817501,0.006244,1.798998,0.003467,0.0,0.9011260000000001
2026-05-24T00:00:00,0.000521,0.026002,0.129203,0.0,4.17906,0.0,0.0,0.129724
2026-05-28T00:00:00,0.276507,0.098068,1.806351,0.0,0.0,0.0,0.0,2.082858
2026-05-02T00:00:00,2.8e-05,0.19716,0.564487,0.000691,1.246837,0.0,0.0,0.564515
2026-05-09T00:00:00,0.245327,0.015219,0.125416,0.001407,1.108572,0.008534,0.0,0.370743
2026-05-30T00:00:00,0.431878,0.021064,0.057733,0.0,0.0,0.0,0.0,0.48961099999999996
2026-05-21T00:00:00,0.277901,0.219344,0.043438,0.0,5.785869,0.0,0.0,0.321339
2026-05-10T00:00:00,0.08952,0.075027,0.281981,0.016951,1.318495,0.0,0.0,0.37150099999999997
2026-05-13T00:00:00,0.003885,0.076305,0.048114,0.046505,2.516202,0.024085,0.04611,0.051999
2026-05-26T00:00:00,0.006816,0.142989,1.214425,0.0,2.967666,0.0,0.206297,1.221241
2026-05-27T00:00:00,0.126483,0.190993,0.834302,0.0,0.62093,0.094118,0.197245,0.960785
2026-06-18T00:00:00,0.013494,0.111275,0.281447,0.025382,2.154258,0.165578,0.116315,0.294941
2026-06-23T00:00:00,0.289637,0.000938,0.015721,0.0,0.647342,0.0,0.0,0.30535799999999996
2026-06-17T00:00:00,0.133975,0.09216,0.299261,0.021669,1.171784,0.0,0.161539,0.433236
2026-06-15T00:00:00,0.263912,0.010621,0.073997,0.0,1.065997,0.0,0.0,0.33790899999999996
2026-06-13T00:00:00,0.171246,0.062387,0.653324,0.255106,0.211695,0.0,0.0,0.82457
2026-06-22T00:00:00,0.126258,0.118081,0.503914,0.093169,0.182257,0.001269,0.06108,0.630172
2026-05-31T00:00:00,0.417136,0.115538,0.3756,0.0,0.0,0.0,0.0,0.792736
2026-06-08T00:00:00,0.22615,0.1031,0.244087,0.00305,0.023749,0.0,0.0,0.470237
2026-06-27T00:00:00,0.261475,0.004663,0.032642,0.001783,1.372958,0.0,0.0,0.294117
2026-06-02T00:00:00,0.28983,0.081374,0.194409,0.0,0.386961,0.0,0.0,0.484239
2026-06-25T00:00:00,0.232187,0.05156,0.523311,0.0,0.31952,0.0,0.0,0.755498
2026-06-11T00:00:00,0.018851,0.602311,3.122569,0.016219,0.002802,0.051524,0.124305,3.14142
2026-06-12T00:00:00,0.131396,0.286722,0.779415,0.159887,0.055673,0.000133,0.021972,0.910811
2026-06-14T00:00:00,0.155396,0.035726,1.165039,0.083501,0.0,0.009869,0.445816,1.320435
2026-06-26T00:00:00,0.13561,0.035938,0.167043,0.008456,0.868368,0.0,0.017156,0.302653
2026-06-16T00:00:00,0.264938,4.5e-05,0.037165,0.0,1.092019,0.0,0.0,0.302103
2026-06-07T00:00:00,0.03184,0.012173,0.716633,0.040404,0.021103,0.037312,0.123662,0.7484729999999999
2026-06-21T00:00:00,0.225668,0.004863,0.286776,0.0,1.322034,0.0,0.0,0.512444
2026-06-29T00:00:00,0.145537,0.069276,0.138499,0.241964,1.34968,0.0,0.0,0.284036
2026-06-01T00:00:00,0.29926,0.064032,0.110258,0.013608,0.749269,0.0,0.0,0.40951800000000005
2026-06-19T00:00:00,0.356471,0.035589,0.179356,0.0,1.442867,4.5e-05,0.0,0.5358269999999999
2026-06-05T00:00:00,0.024432,0.116081,0.815672,0.079903,0.23437,0.0,0.0,0.840104
2026-06-04T00:00:00,0.098153,0.040774,1.20689,0.013024,0.037021,0.0,0.0,1.305043
2026-06-03T00:00:00,0.247168,0.077878,0.173929,0.052467,0.887698,0.0,0.0,0.421097
2026-06-24T00:00:00,0.288336,0.007467,0.188387,0.0,0.68692,0.012841,0.034329,0.476723
2026-06-28T00:00:00,0.222422,0.043749,0.062879,0.015396,0.959901,0.0,0.0,0.285301
2026-06-20T00:00:00,0.268071,0.030364,0.097113,0.001799,1.264358,0.00108,0.007214,0.365184
2026-06-06T00:00:00,0.010259,0.032856,0.164149,0.03388,1.001088,0.0,0.0,0.17440799999999998
2026-06-10T00:00:00,0.019887,0.389003,1.464279,0.030944,0.006644,0.001247,0.0,1.484166
2026-06-09T00:00:00,0.070816,0.029442,0.807076,0.20319,0.0,0.003584,0.127618,0.877892
2026-06-30T00:00:00,0.675226,0.015939,0.652445,0.209919,2.281662,0.001533,0.0,1.327671
