pnode_id,pnode_name,zone,role,cong_std,cong_absmax,cong_active_frac,pnode_subtype,voltage_level,zone_cong_std_ratio,within_zone_variation,n_obs
83734341,JUGSTRET,AEP,spiky,104.84059521843416,825.22,0.1289682539682539,LOAD,138 KV,2.76,ok,504
32412317,RAVEN,AEP,control,39.71019792174935,445.47,0.1309523809523809,LOAD,69 KV,2.76,ok,504
32412687,STATEOPC,AEP,control,39.69099174640236,436.94,0.0813492063492063,LOAD,69 KV,2.76,ok,504
32406897,12 DRESD,COMED,spiky,136.2596141193592,1131.73,0.2023809523809523,LOAD,138 KV,2.48,ok,504
32406899,12 DRESD,COMED,spiky,128.80386345073498,1067.56,0.2003968253968254,LOAD,138 KV,2.48,ok,504
32407159,157 KANK,COMED,control,55.018692440158894,584.92,0.1448412698412698,LOAD,138 KV,2.48,ok,504
34886413,STAFFORD,DOM,spiky,218.87021642663663,1387.46,0.2123015873015873,LOAD,35 KV,4.28,ok,504
87901511,GARRSNV,DOM,spiky,215.3012386571589,1376.43,0.2162698412698412,LOAD,36.5 KV,4.28,ok,504
1207074967,MOSBY,DOM,spiky,212.32015275829767,1663.37,0.2321428571428571,GEN,500 KV,4.28,ok,504
123900973,COCHRANM,DOM,spiky,212.1833462743216,1351.35,0.2400793650793651,LOAD,230 KV,4.28,ok,504
34886141,ASHBURN,DOM,spiky,212.06386285507463,1343.35,0.2400793650793651,LOAD,35 KV,4.28,ok,504
34886825,MTJACKS4,DOM,control,56.72062641942595,384.84,0.1587301587301587,LOAD,35 KV,4.28,ok,504
34886749,EDINBUR4,DOM,control,51.14050406280863,381.86,0.1527777777777778,LOAD,35 KV,4.28,ok,504
2156111877,CLIN DUQ,DUQ,spiky,40.50736317611679,459.68,0.0892857142857142,LOAD,23 KV,1.06,FLAT(control zone),504
38367975,BEAV DUQ,DUQ,spiky,40.43412583911784,461.47,0.0892857142857142,GEN,22 KV,1.06,FLAT(control zone),504
21601667,BEAV DUQ,DUQ,spiky,40.37968286677665,458.88,0.0892857142857142,LOAD,138 KV,1.06,FLAT(control zone),504
21601749,UNIVERSA,DUQ,control,39.18564263174552,437.69,0.0873015873015873,LOAD,138 KV,1.06,FLAT(control zone),504
21601744,PLUM,DUQ,control,38.06820048835315,425.74,0.0873015873015873,LOAD,138 KV,1.06,FLAT(control zone),504
