label,n,mean,iqr,skew,excess_kurt,min,max,agg_exponent,VR8,hill_upper_a,hill_upper_drift,theta_upper,mean_cluster_upper,n_exceed_upper,hill_lower_a,hill_lower_drift,theta_lower,mean_cluster_lower,n_exceed_lower,theta_blocks_ratio,n_eff_blocks,n_blocks,hill_upper_a_lo,hill_upper_a_hi,hill_lower_a_lo,hill_lower_a_hi,agg_exponent_lo,agg_exponent_hi,theta_upper_lo,theta_upper_hi,pnode_id,zone,role,component,identity_max_resid
21601667:total,16776,1.261044945159752,9.602500000000001,-8.272245944112647,275.1614604014752,-1340.3000000000002,679.1800000000001,0.9427004153578883,3.50148979306276,1.4036591458771235,2.0314393351533475,0.09946962796529893,10.053319997827487,168,1.6174331514388534,0.6659509515266235,0.4213854491779545,2.3731241834544026,168,0.41060571977363247,10.642533936651583,349,1.0438322434028804,2.3153123602557804,1.4264805442152273,1.8584094773946842,0.9115720208582091,0.9613560919791849,0.03284728008230421,0.3966304002951412,21601667,DUQ,spiky,total,0.010000000000133014
21601667:energy,16776,0.7480817835002388,10.1725,-5.672251737562799,203.66442006533578,-1438.73,934.32,0.961291380455458,3.8796969060956683,1.3017675543875873,1.4143427528867576,0.11089937838825788,9.0171830945617,168,1.5720387746870848,0.7489151403737434,0.35221622904343913,2.8391650285843846,168,0.3732779270669386,10.167146974063401,349,0.9984123972663295,2.10252007651429,1.3687437115697791,1.8933329127148697,0.917856933614473,0.9716216015733634,0.03431305787991103,0.3199182548980613,21601667,DUQ,spiky,energy,0.010000000000133014
21601667:congestion,16776,0.4859668574153553,2.6900000000000004,4.774472511524352,112.04938018827603,-374.58,415.35,1.0044574165867433,4.4134175026691,1.570098953302653,1.7934199525343737,0.14805006643479848,6.754471808632398,168,1.3339283919815954,1.4262744320612293,0.15928514975465516,6.2780491561221305,168,0.2836912245708733,12.588760035682427,349,1.254190184903334,1.9246273236174556,1.1432114714723662,1.808935624346925,0.9561323143491527,1.03753330661073,0.14383340087585283,0.3282180696033755,21601667,DUQ,spiky,congestion,0.010000000000133014
21601667:loss,16776,0.027233547925608007,0.55,4.097319302981063,269.10900614009967,-55.099999999999994,77.79,0.901794471355533,4.457294590090926,1.420927875525565,0.5622690313576377,0.18015903751950524,5.5506513232328585,168,1.2128155763422097,1.5359290179654261,0.0497946482149665,20.082479460100604,168,0.24636343186417947,9.321003963011888,349,1.230645936544724,1.659021615613541,0.9628540794681381,2.198971120556296,0.8766905072383705,0.9219014483730005,0.21982647824069013,0.4272563850110156,21601667,DUQ,spiky,loss,0.010000000000133014
21601667:rt_increment,16775,0.0016280178837555935,8.705000000000002,-0.5376458225970253,304.4962996280501,-1171.93,1281.1000000000001,0.03829101760044693,0.1866152472740463,1.7468793695653566,0.7436921139608192,0.5329811480488303,1.8762389695411565,168,1.6618363261750035,0.6498260757341456,0.542873800379247,1.842048740059676,168,0.5332286364137059,44.05845181674565,349,1.5469058712224852,1.8761218422182344,1.5180084592360192,1.8201178256678785,0.12119919463409724,0.20305590958955846,0.4658492254567061,0.7351988881284008,21601667,DUQ,spiky,rt_increment,0.010000000000133014
21601712:total,16776,1.2701692894611352,9.612500000000006,-8.254755841383512,274.8248316249612,-1341.11,679.53,0.943107665337038,3.5043417857583417,1.4039083304630435,2.027503882844111,0.09873123399449456,10.128507054371081,168,1.6183582285546734,0.6680726162856248,0.42139078814759773,2.3730941162618313,168,0.41060571977363247,10.642533936651583,349,1.0424179533040732,2.31056847616065,1.4270607833624707,1.8545593687170034,0.9109428522728027,0.9614122265810109,0.03284728008230421,0.39678103881654514,21601712,DUQ,spiky,total,0.010000000000218279
21601712:energy,16776,0.7480817835002388,10.1725,-5.672251737562799,203.66442006533578,-1438.73,934.32,0.961291380455458,3.8796969060956683,1.3017675543875873,1.4143427528867576,0.11089937838825788,9.0171830945617,168,1.5720387746870848,0.7489151403737434,0.35221622904343913,2.8391650285843846,168,0.3732779270669386,10.167146974063401,349,0.9984123972663295,2.10252007651429,1.3687437115697791,1.8933329127148697,0.917856933614473,0.9716216015733634,0.03431305787991103,0.3199182548980613,21601712,DUQ,spiky,energy,0.010000000000218279
21601712:congestion,16776,0.48597341440152597,2.6900000000000004,4.77440285665687,112.0488831960051,-374.58,415.33000000000004,1.00447047451151,4.4133913563786855,1.5701138942621937,1.7935221302489674,0.14805006643479848,6.754471808632398,168,1.3339353519862944,1.426294376964172,0.15928514975465516,6.2780491561221305,168,0.2836912245708733,12.588760035682427,349,1.2541708632707995,1.9246498515654993,1.143215798491892,1.8089419217872318,0.9561550422089355,1.0375304127011042,0.14383340087585283,0.3282180696033755,21601712,DUQ,spiky,congestion,0.010000000000218279
21601712:loss,16776,0.03640557939914163,0.55,4.470689734836791,274.9375385105239,-53.67,77.27,0.9037745450513388,4.418349952179288,1.412896705367214,0.5725505660749899,0.17642665433815202,5.668077784229406,168,1.2169211221356608,1.5213676351118965,0.05011501641097944,19.954099022921103,167,0.2478386619951027,9.48928206873086,349,1.2325377051895232,1.6646403924588442,0.9686623767199073,2.180091328276969,0.8773795666023834,0.9226595198647104,0.21645558470013074,0.4208346456367098,21601712,DUQ,spiky,loss,0.010000000000218279
21601712:rt_increment,16775,0.0016256333830104832,8.715,-0.5382312478276061,304.4387260468818,-1172.6599999999999,1281.84,0.038464531336476315,0.18664211229951683,1.741420158280891,0.7413261231032133,0.5329811480488303,1.8762389695411565,168,1.6634143526371057,0.651670291110005,0.542873800379247,1.842048740059676,168,0.5257183739290057,43.64475743348983,349,1.548309200813854,1.8781598837545168,1.5218185938968538,1.8199332347895276,0.12161880625525695,0.20287991416005996,0.46572152228586977,0.7364031852009228,21601712,DUQ,spiky,rt_increment,0.010000000000218279
21601723:total,16776,1.267095255126371,9.620000000000001,-8.26205914635087,275.013055143973,-1341.31,679.59,0.9428530797633761,3.503492744121861,1.4029699200687582,2.0263213416262102,0.09946962796529893,10.053319997827487,168,1.6178473716677497,0.6677202397109199,0.4213912425342399,2.373091557351825,168,0.41060571977363247,10.642533936651583,349,1.0420786763394336,2.3082664102506962,1.4258991356107948,1.8556578832444448,0.9111624266854437,0.9612526576695148,0.03284728008230421,0.39678103881654514,21601723,DUQ,spiky,total,0.010000000000104592
21601723:energy,16776,0.7480817835002388,10.1725,-5.672251737562799,203.66442006533578,-1438.73,934.32,0.961291380455458,3.8796969060956683,1.3017675543875873,1.4143427528867576,0.11089937838825788,9.0171830945617,168,1.5720387746870848,0.7489151403737434,0.35221622904343913,2.8391650285843846,168,0.3732779270669386,10.167146974063401,349,0.9984123972663295,2.10252007651429,1.3687437115697791,1.8933329127148697,0.917856933614473,0.9716216015733634,0.03431305787991103,0.3199182548980613,21601723,DUQ,spiky,energy,0.010000000000104592
21601723:congestion,16776,0.48597103004291853,2.6900000000000004,4.774456040967177,112.05017950503974,-374.58,415.35,1.00447047451151,4.413411579089208,1.570115661281267,1.7934899606344545,0.14805006643479848,6.754471808632398,168,1.3339331035454496,1.426248208980772,0.15928514975465516,6.2780491561221305,168,0.2836912245708733,12.588760035682427,349,1.2540144664051927,1.9246716285096281,1.1432108911895806,1.8089500120886495,0.9561666509901696,1.0375510496926041,0.14383340087585283,0.3282180696033755,21601723,DUQ,spiky,congestion,0.010000000000104592
21601723:loss,16776,0.03331247019551742,0.55,4.336008889902677,272.84429643279105,-53.93,77.12,0.9042416061151841,4.4324884506595374,1.4286911833126739,0.5659165801828894,0.17990265832683291,5.558561553789156,168,1.2085867675618303,1.523889516627497,0.049806748487900426,20.077600533247626,168,0.24636343186417947,9.42685370741483,349,1.2277135905316927,1.6641186917166577,0.9727550502021592,2.172559787773635,0.878364046124212,0.9232453351787836,0.21861695743550497,0.42546273796993284,21601723,DUQ,spiky,loss,0.010000000000104592
21601723:rt_increment,16775,0.0016262295081967072,8.710000000000006,-0.5381790861718473,304.51861416284004,-1172.75,1282.0,0.03854389200610591,0.18665817143006863,1.74616101387637,0.7412826503669872,0.5329811480488303,1.8762389695411565,168,1.6629318664734487,0.649966126875656,0.542873800379247,1.842048740059676,168,0.5257183739290057,43.64475743348983,349,1.55333896397777,1.8750195152169777,1.5176164828733225,1.8170137518409433,0.12152600522465334,0.20272494481016176,0.46572152228586977,0.7351988881284008,21601723,DUQ,spiky,rt_increment,0.010000000000104592
21601744:total,16776,1.0547865999046255,10.192500000000003,-7.16589542633433,261.8016119617601,-1408.69,682.7099999999999,0.9405289935234722,3.6000554889774166,1.310890065296533,1.524168092952302,0.10495698234666627,9.527712950978938,168,1.640298346279805,0.6055132144800945,0.40671563918283593,2.458720303967602,167,0.3648622065294294,10.363532546631138,349,1.0265313215315426,2.1474233100570985,1.4422417013492725,1.89664617905642,0.9113755813494446,0.9567638213902684,0.039971068340269485,0.3822815413957937,21601744,DUQ,control,total,0.010000000000104592
21601744:energy,16776,0.7480817835002388,10.1725,-5.672251737562799,203.66442006533578,-1438.73,934.32,0.961291380455458,3.8796969060956683,1.3017675543875873,1.4143427528867576,0.11089937838825788,9.0171830945617,168,1.5720387746870848,0.7489151403737434,0.35221622904343913,2.8391650285843846,168,0.3732779270669386,10.167146974063401,349,0.9984123972663295,2.10252007651429,1.3687437115697791,1.8933329127148697,0.917856933614473,0.9716216015733634,0.03431305787991103,0.3199182548980613,21601744,DUQ,control,energy,0.010000000000104592
21601744:congestion,16776,0.3754792560801145,2.9299999999999997,6.868073065112712,156.2596166626888,-372.66,654.99,1.014142813114448,4.234096705379135,1.4427214352925344,1.4531398236563269,0.17098060268485338,5.848616651815012,168,1.5293116710989065,1.0119798890446183,0.16481954162580054,6.067241724712223,168,0.28823547759603607,12.325725154541132,349,1.2064897898789002,1.915841979814163,1.3069473613671965,1.9318728900795938,0.9759305969679581,1.053288448282577,0.16628514124948204,0.3509070527359687,21601744,DUQ,control,congestion,0.010000000000104592
21601744:loss,16776,-0.06868502622794467,0.48000000000000004,-1.086075980967284,173.92587741579328,-31.3,32.89,0.9273747012513581,5.0763438154682685,1.4984144332683675,0.183517670921032,0.2415666891435996,4.139643605437457,168,1.577448390247954,1.0439930656276395,0.14099675574303472,7.092361769106877,168,0.249331665983025,9.130550033134526,349,1.2288887585791952,1.8608176844839674,1.2884899251111264,2.2948993916959006,0.8917328171018762,0.9455043292652826,0.2267051113496737,0.4307133179578805,21601744,DUQ,control,loss,0.010000000000104592
21601744:rt_increment,16775,0.001666766020864359,8.940000000000003,-1.710313204035512,278.8298678493275,-1212.3700000000001,1336.51,0.040476456787791756,0.2092930379069458,1.7230003129201539,0.7641285873942403,0.5267695773798794,1.8983632368709307,168,1.6104333988973367,0.6565226388011165,0.4919474595537556,2.0327374002644465,168,0.5257183739290057,41.439821693907874,349,1.552415829903879,1.9059560493697993,1.4800783936749708,1.7944914386948592,0.12657425537916572,0.2047723710497215,0.45063544279444084,0.7243809841827461,21601744,DUQ,control,rt_increment,0.010000000000104592
21601749:total,16776,1.2967906533142586,10.030000000000001,-8.48397988647226,282.0933541798088,-1401.84,688.15,0.9450853581670953,3.5686309184960594,1.3740830924677736,1.7041509998575455,0.10137741909284124,9.864129595607498,168,1.6027007946571556,0.6395470338110625,0.40432234110541126,2.4732741635448954,168,0.4079972716085864,10.614791987673344,349,1.0558578183372007,2.222803059786436,1.4185582428030699,1.8825774082420625,0.9103413294014524,0.9560492843892681,0.04105922838410922,0.38132369663343063,21601749,DUQ,control,total,0.010000000000218279
21601749:energy,16776,0.7480817835002388,10.1725,-5.672251737562799,203.66442006533578,-1438.73,934.32,0.961291380455458,3.8796969060956683,1.3017675543875873,1.4143427528867576,0.11089937838825788,9.0171830945617,168,1.5720387746870848,0.7489151403737434,0.35221622904343913,2.8391650285843846,168,0.3732779270669386,10.167146974063401,349,0.9984123972663295,2.10252007651429,1.3687437115697791,1.8933329127148697,0.917856933614473,0.9716216015733634,0.03431305787991103,0.3199182548980613,21601749,DUQ,control,energy,0.010000000000218279
21601749:congestion,16776,0.5962917262756319,2.8499999999999996,5.157126066305147,110.31824343833439,-376.87,416.78000000000003,0.9937038474676,4.42140951171773,1.5619429585640203,1.7697932441557296,0.15155840779677915,6.59811629415423,168,1.4644296384609832,1.2801998776129484,0.17235784099926818,5.801882839807943,168,0.2753152320610786,12.440333024976873,349,1.2529682107219369,1.9949509846690574,1.2605879201996733,1.9723196176348767,0.9619644645672113,1.0446485170443873,0.16121831049037788,0.33770512881736864,21601749,DUQ,control,congestion,0.010000000000218279
21601749:loss,16776,-0.04752742012398664,0.44999999999999996,-1.1041904106001457,159.75630282735435,-28.28,28.87,0.9266001275821327,5.054133164472043,1.490565598473425,0.3805516608979771,0.20818149769900232,4.803500844469101,168,1.5868527550437028,1.0684204095484056,0.11895805660362782,8.406324283961977,168,0.23143231478150195,9.813630041724618,349,1.281158068548683,1.8427999379970137,1.319038857624774,2.245844339535722,0.896593623140395,0.9484441048688453,0.2126298066668833,0.3826123415490958,21601749,DUQ,control,loss,0.010000000000218279
21601749:rt_increment,16775,0.0016619970193740533,8.939999999999998,-1.642577605829598,305.92020272562894,-1222.76,1333.88,0.03756816495042279,0.18949245786533425,1.7470406092801258,0.8153019341686718,0.5575559107460263,1.7935421017454025,168,1.6466339303280977,0.6879613404630032,0.5261747599023643,1.9005092532100125,168,0.5332286364137059,43.10510046367852,349,1.569178763056142,1.8912862279452731,1.5043134880055073,1.8147778674889559,0.12423828333735043,0.20399834446724752,0.4730348472077504,0.7517315714103043,21601749,DUQ,control,rt_increment,0.010000000000218279
32406897:total,16776,0.4833178350023843,13.0425,-6.476739470921907,165.5002396214681,-1999.3000000000002,1031.15,0.9142951755810848,4.506332769009778,1.2023649338695632,1.923085576540658,0.059136883332762014,16.909920571448122,168,1.095393859288432,0.8855491724750705,0.15915978005607204,6.282994357291143,168,0.2762256660295346,11.969465648854962,349,1.0464695731771512,1.7169768323595056,0.9641997837939446,1.3790174637374581,0.8809422013280819,0.9386715093826509,0.047300864097179006,0.20928046755200097,32406897,COMED,spiky,total,0.010000000000218279
32406897:energy,16776,0.7480817835002388,10.1725,-5.672251737562799,203.66442006533578,-1438.73,934.32,0.961291380455458,3.8796969060956683,1.3017675543875873,1.4143427528867576,0.11089937838825788,9.0171830945617,168,1.5720387746870848,0.7489151403737434,0.35221622904343913,2.8391650285843846,168,0.3732779270669386,10.167146974063401,349,0.9984123972663295,2.10252007651429,1.3687437115697791,1.8933329127148697,0.917856933614473,0.9716216015733634,0.03431305787991103,0.3199182548980613,32406897,COMED,spiky,energy,0.010000000000218279
32406897:congestion,16776,-0.00813543156890786,8.58,-4.902526181452543,103.1156652576382,-1194.99,753.82,0.9710560945017843,4.356118817271539,1.4641132795419343,2.6171581400387867,0.11599147995093315,8.621322880120344,168,0.9512134956548232,1.1381003281360937,0.053407926420914124,18.72381249402725,168,0.23143231478150195,15.767597765363128,349,1.3438659626994642,1.7829266819449954,0.8313679972398001,1.2282011461300562,0.9278631845919048,1.0018963576975628,0.10857869915137403,0.27075872912123233,32406897,COMED,spiky,congestion,0.010000000000218279
32406897:loss,16776,-0.25617370052455896,1.37,7.181865913928298,295.1484983265087,-74.52999999999999,178.37,0.9254194519528629,4.319047135249872,1.4153473939898797,0.7504175830045599,0.30452133417925026,3.2838421738010988,168,1.3736140033337596,1.2027534361702539,0.08351708328488253,11.973598222880115,168,0.2911567831122121,8.937302089930336,349,1.299866110277431,1.670240069113705,0.9912335036921244,2.582982894028606,0.8898648220126747,0.9399815188985186,0.27154180167796604,0.5194112602010885,32406897,COMED,spiky,loss,0.010000000000218279
32406897:rt_increment,16775,0.0020786885245902744,10.599999999999998,-1.5438603305487857,185.67911669943112,-1789.9799999999998,1179.3899999999999,0.09860874209276706,0.3340447022259602,1.3364085125714404,0.892182717902037,0.20307740102218566,4.924230834974852,168,1.3127617201024873,0.7812491715379535,0.29320170369155363,3.4106213825141816,168,0.3732779270669386,22.651685393258425,349,1.1993307970910807,1.5454723443679155,1.170295304642653,1.5213444839137265,0.16650168291143266,0.24826916767226634,0.2660671860513056,0.5443464848833823,32406897,COMED,spiky,rt_increment,0.010000000000218279
32406899:total,16776,1.1025673581306625,13.14,-6.132827763343263,163.46578490594123,-1958.96,1033.21,0.915283495188442,4.547578553445242,1.2539921623924426,1.9882002995049501,0.06786143456200432,14.73591011528514,168,1.125851568817649,0.8789617862930994,0.15993928737881172,6.252372487014576,168,0.2762256660295346,11.98980458793543,349,1.0628293464882026,1.6538047344854374,0.978485106301585,1.4059434394652075,0.8803544102264169,0.938440158330405,0.04865320538525204,0.19934200165578794,32406899,COMED,spiky,total,0.010000000000218279
32406899:energy,16776,0.7480817835002388,10.1725,-5.672251737562799,203.66442006533578,-1438.73,934.32,0.961291380455458,3.8796969060956683,1.3017675543875873,1.4143427528867576,0.11089937838825788,9.0171830945617,168,1.5720387746870848,0.7489151403737434,0.35221622904343913,2.8391650285843846,168,0.3732779270669386,10.167146974063401,349,0.9984123972663295,2.10252007651429,1.3687437115697791,1.8933329127148697,0.917856933614473,0.9716216015733634,0.03431305787991103,0.3199182548980613,32406899,COMED,spiky,energy,0.010000000000218279
32406899:congestion,16776,0.6183196232713399,8.709999999999999,-4.36156530125009,96.2886522404362,-1129.97,712.08,0.9651313733015758,4.419668021978899,1.5304367632923306,2.345726296553269,0.1280228712159533,7.811104301146053,168,0.9635728947671316,1.1279367721948443,0.05335268878481185,18.743197817701635,168,0.22396675624016316,15.456736035049287,349,1.344580275890379,1.8303848804836254,0.8419191721071468,1.2455858835320066,0.927920391846558,1.003537330674533,0.10776551833388019,0.2618581574423523,32406899,COMED,spiky,congestion,0.010000000000218279
32406899:loss,16776,-0.263350023843586,1.37,7.047491370758851,290.6175515685791,-74.08,174.81,0.9254171384251815,4.336097007625633,1.4080809804220922,0.8003328542549784,0.3040406205961816,3.289034202203437,168,1.3846381381020578,1.1999345243392097,0.08351708328488253,11.973598222880115,168,0.2911567831122121,8.937302089930336,349,1.299094224518109,1.666347508745279,0.9946956391358004,2.5866987082349433,0.8916230625242311,0.9419497456079617,0.2719483775942929,0.5220732916275738,32406899,COMED,spiky,loss,0.010000000000218279
32406899:rt_increment,16775,0.00208166915052157,10.610000000000003,-1.5640188876935175,187.88379305903817,-1755.6599999999999,1132.5700000000002,0.10170171633863566,0.3269025294324255,1.3829974264584892,0.8595539087898039,0.28513530402542625,3.5071069274214723,168,1.3535257997874588,0.6558961307817017,0.3224130194489632,3.101611720609491,168,0.38074348560827737,23.02120717781403,349,1.226472364800357,1.5807068355215417,1.191790910619823,1.565028153955367,0.16631252509505262,0.2520795819075039,0.27220055013795624,0.5506355517870181,32406899,COMED,spiky,rt_increment,0.010000000000218279
32407159:total,16776,3.5015981163567,13.060000000000002,-0.2094303972806877,156.34794302969178,-1294.0,1028.97,0.9025306049230438,4.886466347233014,1.2615506030085017,1.2004485703931105,0.0519984989825897,19.23132435678236,168,1.6631698076270165,0.5776849237875041,0.44857494198540687,2.229281902314847,168,0.30608790019488963,8.716491661519456,349,1.0189557595857635,1.9815084524766085,1.4405914116238658,1.8934801988856451,0.8619321728310427,0.9100686510442326,0.03675629776031485,0.21556357242305854,32407159,COMED,control,total,0.010000000000218279
32407159:energy,16776,0.7480817835002388,10.1725,-5.672251737562799,203.66442006533578,-1438.73,934.32,0.961291380455458,3.8796969060956683,1.3017675543875873,1.4143427528867576,0.11089937838825788,9.0171830945617,168,1.5720387746870848,0.7489151403737434,0.35221622904343913,2.8391650285843846,168,0.3732779270669386,10.167146974063401,349,0.9984123972663295,2.10252007651429,1.3687437115697791,1.8933329127148697,0.917856933614473,0.9716216015733634,0.03431305787991103,0.3199182548980613,32407159,COMED,control,energy,0.010000000000218279
32407159:congestion,16776,3.1231866952789695,8.262500000000001,6.226655530791483,68.40068698073668,-210.04999999999998,591.61,0.9425006921805087,5.147833322619866,1.4049708331098025,2.190203238785088,0.10655277376247008,9.385020818221244,168,1.9920095129316242,2.4530247746110367,0.19111577045007974,5.232430571506417,168,0.2090356391574856,11.191118160190324,349,1.283703633216777,2.0477742666067345,1.7975703490390498,2.264449195250213,0.9185823066025912,0.9830472766202181,0.08103623937506463,0.2873803403508593,32407159,COMED,control,congestion,0.010000000000218279
32407159:loss,16776,-0.3692459465903672,1.5499999999999998,4.843018604410494,240.3473478089025,-87.51999999999998,163.04999999999998,0.9152458463519786,4.457637990770857,1.4777615002153424,0.7712591492896932,0.30511602996774106,3.2774417001483886,168,1.3807468257066853,1.3455023936592196,0.08165344334635545,12.246880952199726,168,0.2911567831122121,8.765217391304347,349,1.3337619927559274,1.7259103700658947,1.029385163455845,2.4741493495591356,0.8924363009677316,0.9376801829078478,0.3233056684513892,0.531084593889165,32407159,COMED,control,loss,0.010000000000218279
32407159:rt_increment,16775,0.0020655737704918875,10.569999999999999,-0.9190341238832869,268.2522037285986,-1188.08,1165.1999999999998,0.11655126922176778,0.1968542185272268,1.7133528630052641,0.6545706725227594,0.49915784246539746,2.0033743135455633,168,1.6973898437247112,0.5805821747208566,0.5822798403822963,1.717387294987663,168,0.5449857735177304,44.23824451410658,349,1.5626751046290979,1.8922825358311937,1.5535580262667537,1.8865812763345213,0.17662148817309695,0.254210766160771,0.4472580456920667,0.7380777431690776,32407159,COMED,control,rt_increment,0.010000000000218279
32408745:total,16776,0.6850375536480685,13.010000000000002,-6.1778630283959215,164.5204413637857,-1938.75,1026.86,0.9137050166152062,4.515856900814458,1.212854549990142,2.0775223825063893,0.062333106238219235,16.042839196530444,168,1.1416232049461525,0.9028664506438832,0.16039080414740803,6.2347714092196,168,0.2836912245708733,12.144578313253012,349,1.0449861942663827,1.761832888527592,0.9932300469529897,1.4192976186366995,0.8816599100443422,0.9393013713580481,0.047014657629751155,0.20986865795256732,32408745,COMED,spiky,total,0.010000000000445652
32408745:energy,16776,0.7480817835002388,10.1725,-5.672251737562799,203.66442006533578,-1438.73,934.32,0.961291380455458,3.8796969060956683,1.3017675543875873,1.4143427528867576,0.11089937838825788,9.0171830945617,168,1.5720387746870848,0.7489151403737434,0.35221622904343913,2.8391650285843846,168,0.3732779270669386,10.167146974063401,349,0.9984123972663295,2.10252007651429,1.3687437115697791,1.8933329127148697,0.917856933614473,0.9716216015733634,0.03431305787991103,0.3199182548980613,32408745,COMED,spiky,energy,0.010000000000445652
32408745:congestion,16776,0.1394599427753939,8.57,-4.458500199409011,96.88262002114398,-1110.75,698.78,0.9663453077591796,4.370049805261253,1.4673998433870137,2.346341533936907,0.13716743745573942,7.290360004885821,168,0.9652755764755947,1.2758333220069216,0.053408963000371575,18.723449095857614,168,0.23143231478150195,15.662597114317425,349,1.3370446136050869,1.8163199656194147,0.8516707102308838,1.2589025365087585,0.9246297797224688,1.0000213064248733,0.10858593824805898,0.27675157268813116,32408745,COMED,spiky,congestion,0.010000000000445652
32408745:loss,16776,-0.2019885550786838,1.4099999999999997,6.903501756893937,287.9190119802162,-77.42,179.22,0.9287828089996817,4.342231961878619,1.4186931811322492,0.7228685278251794,0.3067482095247597,3.2600027284569477,168,1.3509851373718471,1.1410695556086499,0.06756359169555268,14.800870926253973,168,0.30608790019488963,9.122171945701357,349,1.284535194000807,1.643767719493822,0.9806886624128578,2.582632588489821,0.8911672293321845,0.9423801325682615,0.27341939878511845,0.5354478201849852,32408745,COMED,spiky,loss,0.010000000000445652
32408745:rt_increment,16775,0.0020667660208643465,10.600000000000001,-1.5444568429616266,184.6329533266357,-1735.56,1124.64,0.09823175869034355,0.3253567033628741,1.3595768298778161,0.9051692993489378,0.2169702257891289,4.608927314164708,168,1.3347269441252927,0.811510398943422,0.29465402390138873,3.3938107708811334,168,0.38074348560827737,23.55926544240401,349,1.22467405993114,1.5689259341099284,1.186545635799356,1.5422897100425277,0.1682290733760101,0.2479178087148802,0.27127467870892824,0.549406237249176,32408745,COMED,spiky,rt_increment,0.010000000000445652
32408767:total,16776,3.481092036242251,13.089999999999996,-0.10095132620991921,156.7416710245621,-1293.76,1042.6799999999998,0.9003766695831852,4.891115106560374,1.2774793712088983,1.1943937626232017,0.051986830291262935,19.23564091900527,168,1.6529054498755698,0.5764614354363913,0.44888555218670045,2.2277393316149325,168,0.30608790019488963,8.803493449781659,349,1.0260186867241727,1.9705860218974807,1.437424716370355,1.8975437507387536,0.8614525011405988,0.9087509557297263,0.036762838508968734,0.21615479382964534,32408767,COMED,control,total,0.010000000000104592
32408767:energy,16776,0.7480817835002388,10.1725,-5.672251737562799,203.66442006533578,-1438.73,934.32,0.961291380455458,3.8796969060956683,1.3017675543875873,1.4143427528867576,0.11089937838825788,9.0171830945617,168,1.5720387746870848,0.7489151403737434,0.35221622904343913,2.8391650285843846,168,0.3732779270669386,10.167146974063401,349,0.9984123972663295,2.10252007651429,1.3687437115697791,1.8933329127148697,0.917856933614473,0.9716216015733634,0.03431305787991103,0.3199182548980613,32408767,COMED,control,energy,0.010000000000104592
32408767:congestion,16776,3.135173462088698,8.250000000000002,6.227080062580393,68.39538019937363,-210.04999999999998,591.61,0.9422913379512299,5.148428072668901,1.4046615511255656,2.1919451138551906,0.10655277376247008,9.385020818221244,168,1.974572897393137,2.4515301265412153,0.18879208930390903,5.296832106085996,168,0.2090356391574856,11.191118160190324,349,1.2837106245332117,2.054003874739421,1.7881261920102476,2.2619585644144755,0.9176238119516303,0.9843619506704653,0.08103623937506463,0.2873803403508593,32408767,COMED,control,congestion,0.010000000000104592
32408767:loss,16776,-0.40167203147353364,1.3900000000000006,5.871601070883259,260.4589992797667,-76.79999999999998,163.29000000000002,0.9243742435996457,4.381271436802759,1.4772923153704627,0.7889633920129602,0.3087239267250866,3.2391399351773695,168,1.4017367506451865,1.2186566149571085,0.08175500699861411,12.23166674081444,168,0.2762256660295346,8.831038798498122,349,1.3169849368246167,1.7413000427391954,1.012261795807001,2.558383002097806,0.8908228052603449,0.9380819765389,0.31228866383894277,0.5405584596861471,32408767,COMED,control,loss,0.010000000000104592
32408767:rt_increment,16775,0.0020774962742176523,10.585000000000003,-0.9292395064700735,268.55841835614774,-1190.6499999999999,1164.6599999999999,0.11339252302149197,0.1964065905456848,1.7128998714742973,0.6814416941395578,0.49915784246539746,2.0033743135455633,168,1.6955630863289355,0.5801991492733309,0.5822798403822963,1.717387294987663,168,0.5449857735177304,44.94267515923567,349,1.5595945442877954,1.8898126179658024,1.5516779138111556,1.8814841838035568,0.17610556715619946,0.25373294782133005,0.4472580456920667,0.7362190664367252,32408767,COMED,control,rt_increment,0.010000000000104592
32412317:total,16776,1.6568568192656177,9.98,-7.578559463920358,234.61632553019348,-1265.7,679.86,0.9364393573906525,3.4458599834388455,1.4235568689049152,1.7285745633867617,0.09653463745427747,10.358976077096044,168,1.7085872505137123,0.8281832158050372,0.4486110781350809,2.2291023310371547,168,0.4180712783149712,13.188785046728972,349,1.112562146451082,2.400036818543621,1.4564684306241698,1.9359200623688486,0.9060981258735308,0.9552975445230014,0.044176292823524685,0.35854196298251595,32412317,AEP,control,total,0.01000000000006196
32412317:energy,16776,0.7480817835002388,10.1725,-5.672251737562799,203.66442006533578,-1438.73,934.32,0.961291380455458,3.8796969060956683,1.3017675543875873,1.4143427528867576,0.11089937838825788,9.0171830945617,168,1.5720387746870848,0.7489151403737434,0.35221622904343913,2.8391650285843846,168,0.3732779270669386,10.167146974063401,349,0.9984123972663295,2.10252007651429,1.3687437115697791,1.8933329127148697,0.917856933614473,0.9716216015733634,0.03431305787991103,0.3199182548980613,32412317,AEP,control,energy,0.01000000000006196
32412317:congestion,16776,1.1096179065331424,2.96,4.454744908757389,97.4078730399309,-313.69,356.53999999999996,1.0071853984888117,4.306700449826989,1.54760307685658,1.5559709376252229,0.12749341600523928,7.843542288951655,168,1.4644377492056115,1.3837820747940028,0.13595817696377768,7.355203065619381,168,0.30608790019488963,16.46674445740957,349,1.2800968480755086,1.8580335994924901,1.3152100758510332,1.8257567933829078,0.9495727361441284,1.0285415258808688,0.1501953088329613,0.3196136507975203,32412317,AEP,control,congestion,0.01000000000006196
32412317:loss,16776,-0.20078147353361944,0.94,6.638515415615328,301.65991509072927,-41.669999999999995,107.97,0.9080462670877512,4.574850667494815,1.5606315477530912,0.39598970572227166,0.2215341753531968,4.513976222430142,168,1.3736043463821437,2.4901739588870697,0.05627692974405133,17.769270721555372,168,0.25382899040551826,8.842105263157896,349,1.3606409412625824,1.8464146185182255,1.063683641866616,2.5436502471162705,0.882256031863171,0.9294844163778812,0.2795967358455328,0.4881442958222217,32412317,AEP,control,loss,0.01000000000006196
32412317:rt_increment,16775,0.0020661698956781446,9.535000000000004,-1.0164986128387636,258.4433647522524,-1180.02,1253.16,0.03784837784027932,0.20890128549308673,1.785067993987522,0.8480629057683604,0.496189101805783,2.015360668665829,168,1.6892844862981058,0.6003999134887268,0.513088740619308,1.9489805969879221,168,0.5332286364137059,48.67190226876091,349,1.6454449538756015,1.9289987562722166,1.5449669389572946,1.8566942240869089,0.11386808555396306,0.1928920349404079,0.4419250906061627,0.7104823375881416,32412317,AEP,control,rt_increment,0.01000000000006196
32412687:total,16776,0.912227587029089,9.84,-8.493293420236213,278.356622558326,-1367.42,704.6600000000001,0.9468144876229649,3.422948908377567,1.374379566147132,1.7681399521075596,0.10285765337981069,9.722173967039812,168,1.6507688895903685,0.6718351045925404,0.42106252287901147,2.374944208196228,168,0.40314016123229374,10.73972602739726,349,1.0299534506613799,2.377358915934357,1.4289094604241106,1.8783040915282232,0.9152129203325354,0.9664165632415296,0.03676895784370517,0.3727290871785607,32412687,AEP,control,total,0.010000000000104592
32412687:energy,16776,0.7480817835002388,10.1725,-5.672251737562799,203.66442006533578,-1438.73,934.32,0.961291380455458,3.8796969060956683,1.3017675543875873,1.4143427528867576,0.11089937838825788,9.0171830945617,168,1.5720387746870848,0.7489151403737434,0.35221622904343913,2.8391650285843846,168,0.3732779270669386,10.167146974063401,349,0.9984123972663295,2.10252007651429,1.3687437115697791,1.8933329127148697,0.917856933614473,0.9716216015733634,0.03431305787991103,0.3199182548980613,32412687,AEP,control,energy,0.010000000000104592
32412687:congestion,16776,0.2977163805436338,2.6399999999999997,4.6883081122868315,116.12720645922552,-387.0,426.36,0.9918973313922893,4.417654690208282,1.4826655541202405,1.513413895729308,0.15788040360816888,6.333908307466849,168,1.2640366564586483,1.9325244052674488,0.09786270811268862,10.218396969441137,168,0.2762256660295346,11.473170731707317,349,1.2119384144082683,1.8815861444456428,1.097693316233747,1.7135406865418723,0.9505871765100187,1.0342790161188122,0.13471625503008863,0.3101264973349773,32412687,AEP,control,congestion,0.010000000000104592
32412687:loss,16776,-0.1336230329041488,0.43000000000000005,-7.947407600588353,203.5930942484665,-60.71,23.32,0.9022417530276967,5.916679225232253,1.3322198494278352,0.5993344279200956,0.1465137731476114,6.825296888590183,168,1.5473423144349372,1.1180290146043517,0.03022416788952145,33.08610525375934,168,0.164242287909453,11.482506102522375,349,1.0424176368525417,1.8352452241417636,1.1806694851398956,2.2798142714298013,0.8757567115059631,0.9244956517709108,0.11196930379669268,0.34868295460139587,32412687,AEP,control,loss,0.010000000000104592
32412687:rt_increment,16775,0.0016619970193740405,9.084999999999996,-1.2838526332050815,292.2226919435654,-1251.1399999999999,1308.47,0.03662885110316976,0.19423621600922597,1.7624614348443053,0.8714696154522388,0.5530310397152725,1.808216769378531,168,1.6815460640253954,0.6947919643004559,0.5127298206669686,1.950344917912481,168,0.5332286364137059,45.79474548440066,349,1.598664493836238,1.905418965509733,1.5320797444858127,1.8158290631952256,0.11823281639318413,0.20032571911723152,0.479362700501015,0.755434046076534,32412687,AEP,control,rt_increment,0.010000000000104592
34886141:total,16776,-0.9390712923223655,15.770000000000003,-3.971577295860632,71.53258119545667,-2257.27,2040.15,1.010585263103652,4.6527340651621865,1.4837998365955998,0.9345976054149381,0.13676329735064885,7.311903261853138,168,1.3054563190556219,6.1428741443201575,0.11642501198481708,8.589219644060757,168,0.2687601074881958,13.078776645041705,349,1.2733821409969717,1.7444121903554992,1.1175129085477742,1.720801900602899,0.9804883265262393,1.0466236840816003,0.12040621339108004,0.27856172640707344,34886141,DOM,spiky,total,0.010000000000673026
34886141:energy,16776,0.7480817835002388,10.1725,-5.672251737562799,203.66442006533578,-1438.73,934.32,0.961291380455458,3.8796969060956683,1.3017675543875873,1.4143427528867576,0.11089937838825788,9.0171830945617,168,1.5720387746870848,0.7489151403737434,0.35221622904343913,2.8391650285843846,168,0.3732779270669386,10.167146974063401,349,0.9984123972663295,2.10252007651429,1.3687437115697791,1.8933329127148697,0.917856933614473,0.9716216015733634,0.03431305787991103,0.3199182548980613,34886141,DOM,spiky,energy,0.010000000000673026
34886141:congestion,16776,-1.9802074391988542,6.5225,-4.075698012428594,89.2613986421607,-2047.17,1918.93,1.0582168603178321,4.776484534545397,1.3431403490423461,0.8733536810974163,0.12218001021180976,8.184644920772328,168,1.0761506134363392,6.567427702425876,0.08801671354780351,11.361478515746688,168,0.22396675624016316,12.771040723981901,349,1.1433878864067115,1.6249754079417775,0.9069844675846371,1.4701403272573892,1.0241756307409902,1.123490569946151,0.1473628512664812,0.2801363341784362,34886141,DOM,spiky,congestion,0.010000000000673026
34886141:loss,16776,0.29245648545541253,0.8500000000000001,-1.7931478794264553,136.97376157907743,-74.57,49.03,0.9322666139469482,4.7587199126618405,1.5104819575800625,0.7854905882347796,0.08329469084561664,12.005567099750209,168,1.3845937945341884,1.0496422634768316,0.3169679664844922,3.1548929410471684,168,0.23143231478150195,8.340425531914894,349,1.128060173476313,2.4625517878248804,1.2039353900792964,1.6734272128777778,0.9042371665545673,0.949869947030654,0.0292964506940286,0.3218599231381337,34886141,DOM,spiky,loss,0.010000000000673026
34886141:rt_increment,16775,0.0012739195230998988,11.860000000000003,-0.9494506269612347,65.82110844883056,-1540.33,1236.46,0.02747900593662118,0.6390634680734323,1.3724695777072549,2.337149713690327,0.19355911023734818,5.166380434244449,168,1.3208595743833849,1.8130969906568826,0.19511191231141412,5.125263691762298,168,0.4055541741738044,34.21963190184049,349,1.2673964556900819,1.5241000596782406,1.2054037527104975,1.4663362662215627,0.12947610312027602,0.22301928412846317,0.3020766382904386,0.5084691127806124,34886141,DOM,spiky,rt_increment,0.010000000000673026
34886413:total,16776,-0.4949642346208869,14.809999999999997,-5.409463424916343,115.90469257514044,-2111.97,1172.86,1.0025859921259306,3.8305864730726094,1.4141967585171809,1.1191269768059464,0.11824678526306671,8.456889527907874,168,1.4154266533850455,1.3827473691786503,0.2789612826124053,3.584726850390278,168,0.32101901727756715,17.043478260869566,349,1.1688306893788611,1.8801656578555843,1.2609896805606795,1.7071648424500832,0.9634066972666541,1.027080838958754,0.0770095871385477,0.28358495937448686,34886413,DOM,spiky,total,0.010000000000218279
34886413:energy,16776,0.7480817835002388,10.1725,-5.672251737562799,203.66442006533578,-1438.73,934.32,0.961291380455458,3.8796969060956683,1.3017675543875873,1.4143427528867576,0.11089937838825788,9.0171830945617,168,1.5720387746870848,0.7489151403737434,0.35221622904343913,2.8391650285843846,168,0.3732779270669386,10.167146974063401,349,0.9984123972663295,2.10252007651429,1.3687437115697791,1.8933329127148697,0.917856933614473,0.9716216015733634,0.03431305787991103,0.3199182548980613,34886413,DOM,spiky,energy,0.010000000000218279
34886413:congestion,16776,-1.4915182403433476,5.7,-5.807375627243633,166.99300106091619,-1663.3700000000001,1054.33,1.0284578151434973,3.994758061735512,1.4527376518856954,0.6747878835463041,0.07441022735558901,13.439012828454812,168,1.4450056710113408,1.5820749807150452,0.1981011980742181,5.047925049021423,168,0.2836912245708733,17.357933579335793,349,1.2936438559616603,1.7154052548942715,1.2773738638717531,1.713968376161636,0.9984096127944888,1.0788864557598348,0.12856301064664796,0.2701224721040619,34886413,DOM,spiky,congestion,0.010000000000218279
34886413:loss,16776,0.24797031473533618,0.85,-6.349112805986802,201.42001021389382,-84.46,34.63999999999999,0.9588045271520601,4.456821749530124,1.8020440921082348,1.2506156306969594,0.11903991206065756,8.400543840207506,168,1.3380418060097024,0.957092012991293,0.2816393382496632,3.5506403551961756,168,0.2911567831122121,9.50943396226415,349,1.3549113847153262,2.744296526849781,1.1788934457583768,1.6463433328891883,0.9181167212316164,0.9607233125268804,0.05440571321440347,0.343486866165688,34886413,DOM,spiky,loss,0.010000000000218279
34886413:rt_increment,16775,0.0013526080476899403,11.834999999999996,-1.3690864520090675,104.24829830959038,-1512.53,1369.31,0.025665173004663144,0.5989792152985111,1.5406011244847884,1.5311916567863686,0.39419870006567753,2.5367917241568523,168,1.5020924826675508,1.4624274092388112,0.30521947816453,3.2763308751250317,168,0.3956746026909549,30.545454545454547,349,1.4244111818414842,1.7497112521568032,1.395512895207175,1.6688253147970227,0.12806225525454507,0.21704140640091293,0.35003067176295394,0.5889664874788725,34886413,DOM,spiky,rt_increment,0.010000000000218279
34886749:total,16776,-0.3046423462088701,11.932500000000008,-7.028076664002487,160.2240825975076,-1551.47,1076.83,0.9540960268077379,4.038978224084362,1.3555537457032956,0.8078143225585073,0.12014037695562761,8.323596324067951,168,1.2591572555817152,1.0402267966949768,0.28012759816713906,3.569801785125601,168,0.328484575818906,11.307692307692308,349,1.1006668014737855,1.982154396618854,1.1011992582128056,1.5720733630018857,0.9247832152496283,0.9777560027891117,0.05184961398313887,0.30317694585821375,34886749,DOM,control,total,0.010000000000218279
34886749:energy,16776,0.7480817835002388,10.1725,-5.672251737562799,203.66442006533578,-1438.73,934.32,0.961291380455458,3.8796969060956683,1.3017675543875873,1.4143427528867576,0.11089937838825788,9.0171830945617,168,1.5720387746870848,0.7489151403737434,0.35221622904343913,2.8391650285843846,168,0.3732779270669386,10.167146974063401,349,0.9984123972663295,2.10252007651429,1.3687437115697791,1.8933329127148697,0.917856933614473,0.9716216015733634,0.03431305787991103,0.3199182548980613,34886749,DOM,control,energy,0.010000000000218279
34886749:congestion,16776,-1.1023122317596563,3.9299999999999997,-10.27808324054228,197.28103339997955,-808.17,535.49,0.9854600603814402,4.569521740143926,1.6195367573363615,1.1602601765438063,0.16274426247031512,6.144609861022916,168,1.0741739111802984,1.3730873749414196,0.11039788952486126,9.058144175616718,168,0.2762256660295346,11.473170731707317,349,1.381663768455302,1.90175841170986,0.9538144625577504,1.4452523590076984,0.938110998078902,1.0040930046501972,0.15274115863849702,0.3230165350124091,34886749,DOM,control,congestion,0.010000000000218279
34886749:loss,16776,0.04922091082498807,0.53,-2.880893462278921,147.61819284405115,-30.540000000000003,35.82,0.9019161957650539,5.058588119000074,1.8287047724367496,0.3576310384042196,0.15295461650604417,6.5378870075522295,167,1.4303814470471945,1.0406636667187008,0.10129661744230184,9.871997952642358,168,0.2644426760426023,10.934920634920635,349,1.4806013739300163,2.4679773678087464,1.2170565741604635,1.8800222881610165,0.8912717848573682,0.9344666064493293,0.11470309979617264,0.3285914357483734,34886749,DOM,control,loss,0.010000000000218279
34886749:rt_increment,16775,0.0015988077496274264,10.44,-1.602649113706332,131.24690585614078,-1422.69,1314.32,0.04419769732229885,0.4093779675676959,1.60869342579556,1.2488068313263831,0.42030201830760944,2.379241489314293,168,1.4466110825194973,0.9491013428197521,0.47134127364468836,2.1216049939090014,168,0.38074348560827737,26.982791586998086,349,1.4608818627260214,1.756880419343348,1.3390768363466112,1.606470419641777,0.12361253627898895,0.20918141043718,0.32853495513500264,0.6190036217035734,34886749,DOM,control,rt_increment,0.010000000000218279
34886825:total,16776,-0.25024558893657584,11.822499999999998,-7.268450517266018,166.01725303932506,-1550.52,1045.36,0.9466280585534788,4.10227870750089,1.3849075784766183,0.7271351387340923,0.14948233722349955,6.68975357606861,168,1.2847694102516587,0.9797791444502424,0.2796952487785871,3.5753199397091726,168,0.3434156929015835,11.10306845003934,349,1.0863928457089829,1.9917377648077719,1.1041710898089638,1.5967670995449057,0.9213390976945596,0.9725081041774645,0.049760480434173776,0.30054469754540686,34886825,DOM,control,total,0.010000000000218279
34886825:energy,16776,0.7480817835002388,10.1725,-5.672251737562799,203.66442006533578,-1438.73,934.32,0.961291380455458,3.8796969060956683,1.3017675543875873,1.4143427528867576,0.11089937838825788,9.0171830945617,168,1.5720387746870848,0.7489151403737434,0.35221622904343913,2.8391650285843846,168,0.3732779270669386,10.167146974063401,349,0.9984123972663295,2.10252007651429,1.3687437115697791,1.8933329127148697,0.917856933614473,0.9716216015733634,0.03431305787991103,0.3199182548980613,34886825,DOM,control,energy,0.010000000000218279
34886825:congestion,16776,-1.0230239628040056,3.78,-10.283558457810646,201.93949419568563,-809.11,534.5999999999999,0.9835470170258076,4.733122875277358,1.5912819884400764,1.2291286666580261,0.17671869672002344,5.6587108130630135,168,1.0769592333589333,1.3772840845440872,0.10286698393943007,9.721292116320024,168,0.2836912245708733,11.750208159866778,349,1.3581418116912094,1.8348447516708006,0.9471737273322461,1.4035053075471975,0.9388085376802361,1.0036141917642123,0.16344892141354075,0.34138828377210495,34886825,DOM,control,congestion,0.010000000000218279
34886825:loss,16776,0.02438841201716737,0.5499999999999999,2.8973149626065102,295.99925086313993,-28.98,57.99000000000001,0.8837237352372578,4.568020480900581,1.7330491778522623,0.22732282941991966,0.17797831275596515,5.618662097168824,168,1.4849830166841191,1.038747174510426,0.1131331506002789,8.839142149706337,168,0.27955368610217957,12.258007117437723,349,1.4939955804026757,2.19839236642998,1.261645497226067,1.881535666416298,0.8683966760991753,0.9169554295284871,0.16959773554418692,0.3821220696879784,34886825,DOM,control,loss,0.010000000000218279
34886825:rt_increment,16775,0.0015928464977645275,10.37,-1.649991522270606,135.1229795139378,-1415.38,1292.86,0.04901855705461113,0.3977851140077128,1.6141238016868973,1.288338778890397,0.4333299246292682,2.3077104606969887,168,1.452857223611268,0.8956144533969341,0.41847405082311884,2.3896344302186643,168,0.3956746026909549,27.08637236084453,349,1.4678808369755831,1.7573153866066842,1.3330450870042054,1.5944158812593856,0.12057378990630965,0.20837538262219027,0.3352157830687933,0.625638465890711,34886825,DOM,control,rt_increment,0.010000000000218279
38367975:total,16776,1.2666505722460657,9.610000000000003,-8.363957530332792,279.92601325497026,-1344.19,681.85,0.9416576503872183,3.5012239936852847,1.4199947111066267,1.8025602412391777,0.10424219944576658,9.59304394301718,168,1.6388576493595763,0.6402995762371189,0.43348878235848637,2.3068647695086617,168,0.40314016123229374,10.87211093990755,349,1.0374700245340016,2.390864658071052,1.430328483388939,1.8724948962762225,0.9095838849314195,0.9587896225048756,0.03322260399624074,0.40471393191005633,38367975,DUQ,spiky,total,0.010000000000104592
38367975:energy,16776,0.7480817835002388,10.1725,-5.672251737562799,203.66442006533578,-1438.73,934.32,0.961291380455458,3.8796969060956683,1.3017675543875873,1.4143427528867576,0.11089937838825788,9.0171830945617,168,1.5720387746870848,0.7489151403737434,0.35221622904343913,2.8391650285843846,168,0.3732779270669386,10.167146974063401,349,0.9984123972663295,2.10252007651429,1.3687437115697791,1.8933329127148697,0.917856933614473,0.9716216015733634,0.03431305787991103,0.3199182548980613,38367975,DUQ,spiky,energy,0.010000000000104592
38367975:congestion,16776,0.5016869337148306,2.6725000000000003,4.976650223250965,116.37346355981911,-373.65,414.34000000000003,1.0022293147620898,4.397863283039592,1.5491850087230494,1.6839793691603486,0.14435749967443082,6.927246608283588,168,1.2988207017096223,1.594233561320691,0.15580131424237081,6.418431095159824,168,0.2836912245708733,12.6,349,1.2453252732496003,1.9353332506612773,1.102558874361,1.7960817320111153,0.9545863981898036,1.0329302707909367,0.13508736217813308,0.3184271524400897,38367975,DUQ,spiky,congestion,0.010000000000104592
38367975:loss,16776,0.017171554601812106,0.54,3.7465329511221657,267.1502084697924,-54.28,74.76,0.905118814065883,4.500419637344092,1.4283456001515638,0.5227710532456185,0.1802848710043539,5.546777133483651,168,1.2202583623094831,1.529206603292181,0.0498054381791,20.078128745780877,168,0.24636343186417947,9.272010512483574,349,1.2366905634388834,1.6549353658262091,0.981398471371122,2.1894255766057977,0.8772212800204122,0.9233124591080923,0.22101436179574294,0.4326570469451395,38367975,DUQ,spiky,loss,0.010000000000104592
38367975:rt_increment,16775,0.0016357675111772726,8.709999999999997,-0.7726573995210191,302.13698660107224,-1174.1100000000001,1284.52,0.040021222485719786,0.18776113239052442,1.7177057124779838,0.7423772656117809,0.5325006272042428,1.8779320603813032,168,1.624681654110396,0.6455893241168851,0.543555724830284,1.839737775390431,167,0.5257183739290057,43.64475743348983,349,1.5441744683130663,1.8723793481350064,1.5028320250832972,1.806461736953855,0.12275050915125196,0.20303316362759438,0.4610674175823653,0.7346526726242771,38367975,DUQ,spiky,rt_increment,0.010000000000104592
41935421:total,16776,0.8277658559847403,12.98,-5.8864666587744,163.94575867380934,-1884.2999999999997,1023.85,0.9134374777996493,4.523273129324869,1.2307217603981087,2.140955488465991,0.06084592159758939,16.43495527298609,168,1.1726586536673085,0.8696295132976188,0.16019668838891374,6.2423262931145835,168,0.2836912245708733,12.123711340206185,349,1.0412940604594059,1.7875165412187732,1.0115927890000584,1.4431149313574083,0.8836894736555992,0.938531810346811,0.04598393036063675,0.21454469471321086,41935421,COMED,spiky,total,0.010000000000218279
41935421:energy,16776,0.7480817835002388,10.1725,-5.672251737562799,203.66442006533578,-1438.73,934.32,0.961291380455458,3.8796969060956683,1.3017675543875873,1.4143427528867576,0.11089937838825788,9.0171830945617,168,1.5720387746870848,0.7489151403737434,0.35221622904343913,2.8391650285843846,168,0.3732779270669386,10.167146974063401,349,0.9984123972663295,2.10252007651429,1.3687437115697791,1.8933329127148697,0.917856933614473,0.9716216015733634,0.03431305787991103,0.3199182548980613,41935421,COMED,spiky,energy,0.010000000000218279
41935421:congestion,16776,0.2721632093466853,8.56,-4.001524541731096,90.9366326477375,-1031.47,649.3299999999999,0.9619748121704349,4.382839114788636,1.4728367970538674,2.2466389925213583,0.13714920847481932,7.29132899212904,168,0.9911479936926293,1.4092310472941212,0.05340618476344075,18.724423106227032,168,0.23889787332284068,15.856179775280898,349,1.3501933428775401,1.8687222764962,0.8685488584769552,1.2712506583227234,0.9224001081976263,0.9970118014130791,0.1077471955176061,0.2909811088667574,41935421,COMED,spiky,congestion,0.010000000000218279
41935421:loss,16776,-0.19200047687172153,1.4100000000000001,6.712914685705366,282.44833501301514,-78.25999999999999,177.82,0.9312580855290072,4.3606874759650465,1.4258478967818604,0.6811130876360212,0.30259600315035307,3.304736313728251,168,1.3419816464505403,1.1241196612714268,0.06668919758584534,14.99493225589879,168,0.30608790019488963,9.07524115755627,349,1.2769145887954463,1.65166905568582,0.9733981303414667,2.5803590905248805,0.8922777864026452,0.9437932256110961,0.27514284103276243,0.5314471778974957,41935421,COMED,spiky,loss,0.010000000000218279
41935421:rt_increment,16775,0.0020637853949329404,10.625,-1.5323271869500839,184.66962188394737,-1687.6599999999999,1094.5700000000002,0.09757703971036327,0.3165155410763402,1.3740134457277784,0.8254833348027428,0.30958182913698745,3.23016374309717,168,1.3531444540805218,0.7459421156775987,0.29652334961959964,3.3724157011003286,167,0.41060571977363247,23.878172588832488,349,1.2388193792661804,1.5903056838038807,1.2015534259393232,1.5564490925673675,0.16678093854961948,0.24959055623483145,0.2764207873122065,0.5516403604004685,41935421,COMED,spiky,rt_increment,0.010000000000218279
83734341:total,16776,1.1205531711969479,10.219999999999995,-6.7046610939624065,169.04622633300818,-1311.47,750.6199999999999,0.9402330327794248,3.7354784743886396,1.3152437014634137,1.9848762121017136,0.05713829656217297,17.50139678931251,168,1.3812225058666177,0.8624612266501661,0.3354313769736161,2.981235712121996,168,0.353949916610221,13.534895568008151,349,1.0777478652127517,1.9771876991678226,1.209734765799646,1.725158633246132,0.912091730951698,0.9627201946532989,0.05043424318980955,0.3366486445889782,83734341,AEP,spiky,total,0.010000000000104592
83734341:energy,16776,0.7480817835002388,10.1725,-5.672251737562799,203.66442006533578,-1438.73,934.32,0.961291380455458,3.8796969060956683,1.3017675543875873,1.4143427528867576,0.11089937838825788,9.0171830945617,168,1.5720387746870848,0.7489151403737434,0.35221622904343913,2.8391650285843846,168,0.3732779270669386,10.167146974063401,349,0.9984123972663295,2.10252007651429,1.3687437115697791,1.8933329127148697,0.917856933614473,0.9716216015733634,0.03431305787991103,0.3199182548980613,83734341,AEP,spiky,energy,0.010000000000104592
83734341:congestion,16776,0.5058726752503576,2.9825000000000004,-2.4065371228115837,131.23955909968504,-569.22,516.88,0.9976655439830868,4.368702659264252,1.4846729058781203,1.872415174059645,0.14312236562510522,6.987028167347376,168,1.0445692088831802,0.785926500507629,0.07286386714179387,13.724223531177522,168,0.24774594270516812,14.547671840354766,349,1.2183762678869454,1.7469290373428787,0.9026420663885097,1.4145440093592383,0.9646178034004791,1.0438972592710312,0.13041951728816908,0.28605871385348075,83734341,AEP,spiky,congestion,0.010000000000104592
83734341:loss,16776,-0.13345612780162136,0.6699999999999999,4.002712296360198,233.20478719033648,-25.959999999999997,64.25,0.8803609387819121,4.843074472677281,1.6310015940535176,0.2778210405484065,0.20512306273889416,4.875122215159799,168,1.3683329289535566,2.331904975360426,0.046990127441376935,21.28106592704098,168,0.20157008061614687,8.345357776463631,349,1.3221222188510768,1.9368718892674794,1.0620163539246557,2.397082747919283,0.8702495024963584,0.9135946504136397,0.22054327052513192,0.4390576775129249,83734341,AEP,spiky,loss,0.010000000000104592
83734341:rt_increment,16775,0.001962444113263744,9.494999999999997,-0.8266091234649533,218.31535097426453,-1216.56,1245.0,0.03990988811334818,0.24175233093612994,1.7737573050715825,0.8739138814549865,0.42493487397463703,2.353301791040306,168,1.6200565123853674,0.6356172969491154,0.42779449992544366,2.3375709602958445,168,0.4956773239902054,39.55886524822695,349,1.5893499914738252,1.929583457972708,1.475624074841841,1.7667896159889684,0.11795540014916624,0.20009262493981478,0.39351257220788094,0.647407004579548,83734341,AEP,spiky,rt_increment,0.010000000000104592
87901511:total,16776,-1.3667525035765378,14.790000000000001,-5.243675325841037,95.2563638829778,-2036.75,1172.52,0.9890398985319752,4.252692801831296,1.4497029623067808,0.9840280597266249,0.10990505543652442,9.098762527603194,168,1.4595684155233222,2.1754654961799806,0.17824294873411015,5.610320111410001,168,0.2836912245708733,14.356052899287894,349,1.19817061101035,1.9797524258527939,1.2654299673420166,1.8170886207094803,0.9590395434478614,1.02261827358659,0.06363020687796438,0.28221158201805197,87901511,DOM,spiky,total,0.010000000000331966
87901511:energy,16776,0.7480817835002388,10.1725,-5.672251737562799,203.66442006533578,-1438.73,934.32,0.961291380455458,3.8796969060956683,1.3017675543875873,1.4143427528867576,0.11089937838825788,9.0171830945617,168,1.5720387746870848,0.7489151403737434,0.35221622904343913,2.8391650285843846,168,0.3732779270669386,10.167146974063401,349,0.9984123972663295,2.10252007651429,1.3687437115697791,1.8933329127148697,0.917856933614473,0.9716216015733634,0.03431305787991103,0.3199182548980613,87901511,DOM,spiky,energy,0.010000000000331966
87901511:congestion,16776,-2.35845255126371,5.77,-5.993072227894651,125.1115646921616,-1591.8000000000002,1054.33,1.0123901304409022,4.650487459658389,1.535886395232772,0.5541365824719673,0.07592378207721112,13.171103607339322,168,1.2949798053184498,3.0915882015601133,0.15541505398247543,6.434383120394243,168,0.23143231478150195,13.414448669201521,349,1.3348807174305881,1.8438106067895395,1.1567684016184339,1.5670668024541698,0.9895870115036246,1.060350802916478,0.12407793118883419,0.2757298897196676,87901511,DOM,spiky,congestion,0.010000000000331966
87901511:loss,16776,0.2430251549833095,0.8100000000000002,-6.717201401628347,225.09280730056386,-82.38000000000001,30.029999999999998,0.9592294584141146,4.473985179703436,1.8701707873014362,1.3765010825931048,0.12538490027234006,7.975442001612376,168,1.3400007300105659,1.1626217323757508,0.2110867778530077,4.737388149893309,168,0.27955368610217957,9.661991584852736,349,1.422456606213675,2.790684117172166,1.1528557860713509,1.6826175257950573,0.9134212801504666,0.9562748956544448,0.05374847526001083,0.34116309430150593,87901511,DOM,spiky,loss,0.010000000000331966
87901511:rt_increment,16775,0.0013335320417287599,11.780000000000006,-1.2480736032799766,99.84941703245738,-1505.0,1356.46,0.02746633631538778,0.6024979309210231,1.5083293209572441,1.5774923518109283,0.3955432131867,2.528168773124647,168,1.5002662029132139,1.5701478023018014,0.30466942655299695,3.2822459782522713,168,0.3956746026909549,30.87964989059081,349,1.4024545292342097,1.7580481384314848,1.402778085853912,1.676455335414354,0.12580425635037049,0.21879617535368973,0.34145253514844454,0.5775591764876826,87901511,DOM,spiky,rt_increment,0.010000000000331966
123900973:total,16776,-0.6570082260371961,14.620000000000001,-3.755738716409621,69.85237952803159,-2105.0199999999995,1133.3999999999999,1.009609196423297,3.867534283821168,1.2029683981126509,1.6029087432142597,0.05940791704402371,16.83277330290774,168,1.4078346363384868,3.252965738907327,0.21562890801999154,4.637597106911506,168,0.29862234165355084,20.69208211143695,349,1.0814366980476566,1.5062300570789897,1.2077214071974005,1.6631482348683322,0.9784995627418657,1.0319405036589195,0.08776703010574084,0.23408787902615988,123900973,DOM,spiky,total,0.010000000000218279
123900973:energy,16776,0.7480817835002388,10.1725,-5.672251737562799,203.66442006533578,-1438.73,934.32,0.961291380455458,3.8796969060956683,1.3017675543875873,1.4143427528867576,0.11089937838825788,9.0171830945617,168,1.5720387746870848,0.7489151403737434,0.35221622904343913,2.8391650285843846,168,0.3732779270669386,10.167146974063401,349,0.9984123972663295,2.10252007651429,1.3687437115697791,1.8933329127148697,0.917856933614473,0.9716216015733634,0.03431305787991103,0.3199182548980613,123900973,DOM,spiky,energy,0.010000000000218279
123900973:congestion,16776,-1.7102491654744876,6.262499999999999,-2.3365727216482757,59.57266964331294,-1342.34,1023.6899999999999,1.0559373965910186,3.957374044751059,1.1038392037606262,3.183732456131974,0.08407765068025343,11.89376715344951,168,1.1707474182272237,4.223546054402533,0.14543418359685933,6.87596255067502,168,0.24636343186417947,19.737062937062937,349,0.9603789703891051,1.333790148120451,1.0364046165240768,1.3981936900316652,1.0161010449702612,1.1005479681746955,0.09739618145409976,0.2495676263973201,123900973,DOM,spiky,congestion,0.010000000000218279
123900973:loss,16776,0.30456962327134,0.77,-1.0938446337688357,136.06816139878686,-63.63999999999999,42.23,0.9281275054759021,5.072168277673781,1.5560903997392408,0.8438977622708568,0.08304132536377214,12.042197009975265,168,1.3908927250350833,1.1284105797538855,0.2536148704258911,3.9429864594324346,168,0.2090356391574856,8.129032258064516,349,1.1617691229591105,2.514880929928827,1.17836518299579,1.7251580241552635,0.8994910014904643,0.9445502270536773,0.029287839365377426,0.32131739858101316,123900973,DOM,spiky,loss,0.010000000000218279
123900973:rt_increment,16775,0.0012542473919524026,11.729999999999999,-1.1463534733645162,69.40143345424939,-1530.4099999999999,1156.3700000000001,0.03046096461638116,0.6053275609930849,1.512369865398978,2.072230350220252,0.35722191806867426,2.799380299525055,168,1.4045597305712563,1.9553900366755848,0.29666364423152125,3.370820858721682,168,0.43559522411260476,37.84124830393487,349,1.3911587086071777,1.6293810002752867,1.284410457833706,1.5560952608156375,0.13156133464368905,0.22296540815450788,0.3514406952669666,0.5648515337665421,123900973,DOM,spiky,rt_increment,0.010000000000218279
1207074967:total,16776,0.25452789699570805,13.604999999999999,-4.38420493523839,102.38884686941422,-1578.6699999999998,1111.5,0.9735387869687394,3.9016298671581464,1.2562552246847871,1.449802643678386,0.10568606804848578,9.461985089096402,168,1.336475058925872,1.6210406455382327,0.2637291106496865,3.7917695074940285,168,0.30608790019488963,16.820023837902266,349,1.0245262656221847,1.716809323586399,1.1819082130462755,1.5885422794896842,0.9473147610980562,1.0017123577804445,0.05640669950485087,0.24106119116077337,1207074967,DOM,spiky,total,0.010000000000218279
1207074967:energy,16776,0.7480817835002388,10.1725,-5.672251737562799,203.66442006533578,-1438.73,934.32,0.961291380455458,3.8796969060956683,1.3017675543875873,1.4143427528867576,0.11089937838825788,9.0171830945617,168,1.5720387746870848,0.7489151403737434,0.35221622904343913,2.8391650285843846,168,0.3732779270669386,10.167146974063401,349,0.9984123972663295,2.10252007651429,1.3687437115697791,1.8933329127148697,0.917856933614473,0.9716216015733634,0.03431305787991103,0.3199182548980613,1207074967,DOM,spiky,energy,0.010000000000218279
1207074967:congestion,16776,-0.7717602527420123,5.220000000000001,-3.9382838614677094,128.94495177935136,-1046.59,993.78,0.98647076118408,4.110740605449727,1.2339332153969806,0.9818217439609205,0.08650123690044424,11.560528332686355,168,1.212557273729478,1.5125760577839924,0.16958070815494028,5.896897181761578,168,0.23281813702570253,16.261807580174928,349,1.0588282618054434,1.5677940628909794,1.072347818688247,1.450699231900656,0.9611696401025258,1.0297539661898794,0.09654592125989689,0.2917703917218433,1207074967,DOM,spiky,congestion,0.010000000000218279
1207074967:loss,16776,0.2776490224129709,0.7200000000000001,-2.7409208271880328,149.57926052703058,-58.4,31.5,0.9354085375299485,4.962638954302595,1.6874391405496867,1.1051188050431886,0.08802573989798454,11.3603134851116,168,1.3139418522976087,1.0830068243468471,0.2358672799254187,4.239672413724364,168,0.23143231478150195,8.242990654205608,349,1.266661476516593,2.658866320370429,1.1601203419465473,1.720464312855996,0.9022551033436139,0.9492145671840405,0.03881073279210745,0.32655299445808034,1207074967,DOM,spiky,loss,0.010000000000218279
1207074967:rt_increment,16775,0.0013132637853950125,11.374999999999996,-1.0839849608992957,98.72944010356622,-1503.29,1376.08,0.034094389449080116,0.5242461247827578,1.505499813218829,1.7375932444806153,0.3509567889083589,2.849353628720138,168,1.4135957472554195,1.4231624767085078,0.4298537747604614,2.326372498548503,168,0.4055541741738044,33.804848484848485,349,1.424340319257083,1.6743642264631504,1.3153306363180537,1.5742316304705366,0.12680438011891942,0.21662482772646657,0.345082267310469,0.5784189217769844,1207074967,DOM,spiky,rt_increment,0.010000000000218279
1775814261:total,16776,1.1487058893657605,10.222500000000007,-6.527605092130797,168.4059280313396,-1313.6100000000001,751.6100000000001,0.9432607591583697,3.7335895231882956,1.3176150836237805,1.865788072446875,0.05713829656217297,17.50139678931251,168,1.384994271534692,0.9000812381772874,0.3354313769736161,2.981235712121996,168,0.3561347926386792,13.555785123966942,349,1.0704674070765827,1.978582142103828,1.2069797941551086,1.7314001652383497,0.9101232626795756,0.9622228533597885,0.04979958374428474,0.3407005551196845,1775814261,AEP,spiky,total,0.010000000000104592
1775814261:energy,16776,0.7480817835002388,10.1725,-5.672251737562799,203.66442006533578,-1438.73,934.32,0.961291380455458,3.8796969060956683,1.3017675543875873,1.4143427528867576,0.11089937838825788,9.0171830945617,168,1.5720387746870848,0.7489151403737434,0.35221622904343913,2.8391650285843846,168,0.3732779270669386,10.167146974063401,349,0.9984123972663295,2.10252007651429,1.3687437115697791,1.8933329127148697,0.917856933614473,0.9716216015733634,0.03431305787991103,0.3199182548980613,1775814261,AEP,spiky,energy,0.010000000000104592
1775814261:congestion,16776,0.5329583929422984,2.9825,-1.878666673432103,134.3509035794484,-567.25,584.0,0.9951173752817216,4.364777480011784,1.474186520198973,1.7891984981537177,0.11434604502366745,8.745383364969197,168,1.047616223881529,0.7600358479192348,0.07277598512695829,13.74079647641309,168,0.24774594270516812,14.403951701427003,349,1.219300294365784,1.7446692465545317,0.9054146100003878,1.4064600256780202,0.9635702573575933,1.0415041818903612,0.12703940235501668,0.28369214501114987,1775814261,AEP,spiky,congestion,0.010000000000104592
1775814261:loss,16776,-0.13236051502145924,0.66,3.8451156083840625,223.80763520773615,-25.479999999999997,62.1,0.8849087783759148,4.8569517322868885,1.6099959919672102,0.29234407931829387,0.20637993173506064,4.8454323615328345,167,1.37621518625719,2.3771191484425103,0.07330952709692032,13.640791853396218,168,0.2090356391574856,8.573511543134872,349,1.3435682684149821,1.947500299014824,1.0680519280953882,2.4772013044518313,0.8706552819674674,0.9148208820119976,0.2217383976133925,0.44037421695301354,1775814261,AEP,spiky,loss,0.010000000000104592
1775814261:rt_increment,16775,0.0019588673621460297,9.499999999999996,-0.8534123662044975,219.6353752407977,-1216.98,1248.44,0.03965609595402095,0.24028030309687384,1.7570719379961,0.8568496090959501,0.4248257180613823,2.353906455012481,168,1.6161690243981945,0.6366450507742432,0.43586499920621974,2.294288373283381,168,0.4956773239902054,39.55886524822695,349,1.5915357253934448,1.9234399982769126,1.473569295463599,1.768297418612629,0.117917976059199,0.19864286592601857,0.39335657611760405,0.6458146613190171,1775814261,AEP,spiky,rt_increment,0.010000000000104592
2156109567:total,16776,1.1327294945159752,10.2225,-6.662480990819117,169.3448296331321,-1315.8600000000001,752.69,0.9435369289566264,3.735729533463354,1.319796521106816,1.9441219783813637,0.05713829656217297,17.50139678931251,168,1.3822988329096806,0.893086737136168,0.3354313769736161,2.981235712121996,168,0.3561347926386792,13.555785123966942,349,1.0766309586124374,1.9835277168573644,1.2051569761727794,1.7339103321590155,0.9106380996724708,0.9621820111204978,0.04979958374428474,0.33721114909625155,2156109567,AEP,spiky,total,0.010000000000104592
2156109567:energy,16776,0.7480817835002388,10.1725,-5.672251737562799,203.66442006533578,-1438.73,934.32,0.961291380455458,3.8796969060956683,1.3017675543875873,1.4143427528867576,0.11089937838825788,9.0171830945617,168,1.5720387746870848,0.7489151403737434,0.35221622904343913,2.8391650285843846,168,0.3732779270669386,10.167146974063401,349,0.9984123972663295,2.10252007651429,1.3687437115697791,1.8933329127148697,0.917856933614473,0.9716216015733634,0.03431305787991103,0.3199182548980613,2156109567,AEP,spiky,energy,0.010000000000104592
2156109567:congestion,16776,0.517084525512637,2.98,-2.2523868856427147,132.48210058299722,-568.49,537.06,0.9961852080850996,4.371401003194121,1.4746920200347198,1.8374400010777638,0.11401695606633108,8.770625304347144,168,1.04529070333558,0.7900094382060643,0.07271661479879414,13.752015309939635,168,0.24774594270516812,14.403951701427003,349,1.2193149880915628,1.7348987784296257,0.9037473699515004,1.405301334504005,0.9639409536218476,1.0412440337490991,0.1271629566282883,0.2853478152369133,2156109567,AEP,spiky,congestion,0.010000000000104592
2156109567:loss,16776,-0.13255185979971387,0.6699999999999999,3.538777388230715,211.43420799372518,-24.959999999999997,59.849999999999994,0.8794067690800043,4.8703788929031715,1.6558642369195338,0.2526615927854441,0.20393969329758058,4.903410335823347,168,1.3893984075702859,2.409027508211792,0.07328508078411959,13.645342125578903,168,0.2090356391574856,8.748915065096094,349,1.3550262134518336,1.959338188871744,1.0838407827887189,2.4509024814014313,0.8698325509905955,0.9148820460224629,0.2185468440425473,0.4357870003959463,2156109567,AEP,spiky,loss,0.010000000000104592
2156109567:rt_increment,16775,0.001961847988077475,9.514999999999995,-0.83069941153476,219.438876790213,-1217.61,1250.52,0.03962723196837694,0.24122269430976467,1.7633478979218302,0.852815397626556,0.4248257180613823,2.353906455012481,168,1.6144037955715977,0.6354437556596673,0.43586499920621974,2.294288373283381,168,0.4956773239902054,39.55886524822695,349,1.5899338721452991,1.9286710498737394,1.4724022900655407,1.7679493714054257,0.11774452788020877,0.19896508508614524,0.39335657611760405,0.6458146613190171,2156109567,AEP,spiky,rt_increment,0.010000000000104592
2156111877:total,16776,1.1570094182165,9.689999999999998,-8.361799659530515,278.18611332027143,-1358.4899999999998,690.29,0.9452426862268044,3.563212529570828,1.3939780146600098,1.8207760578668628,0.09925718454579112,10.074837449561768,168,1.6586586115134465,0.6659405741665112,0.43357902877884613,2.3063846118583053,168,0.40314016123229374,10.905718701700154,349,1.015250006261942,2.4253702536447657,1.4393532762520485,1.8742268997287095,0.9145961149325829,0.96321454604507,0.032850582542456236,0.42557793202855076,2156111877,DUQ,spiky,total,0.010000000000104592
2156111877:energy,16776,0.7480817835002388,10.1725,-5.672251737562799,203.66442006533578,-1438.73,934.32,0.961291380455458,3.8796969060956683,1.3017675543875873,1.4143427528867576,0.11089937838825788,9.0171830945617,168,1.5720387746870848,0.7489151403737434,0.35221622904343913,2.8391650285843846,168,0.3732779270669386,10.167146974063401,349,0.9984123972663295,2.10252007651429,1.3687437115697791,1.8933329127148697,0.917856933614473,0.9716216015733634,0.03431305787991103,0.3199182548980613,2156111877,DUQ,spiky,energy,0.010000000000104592
2156111877:congestion,16776,0.4101269670958511,2.7099999999999995,5.003957585682656,116.57231088730248,-378.13,421.5199999999999,0.9931633012942445,4.449125957840114,1.5665615562818145,1.742409073253451,0.13614693735667824,7.34500547287521,168,1.3053240402668764,1.8487549425259995,0.14120155590979916,7.082074935766353,168,0.2762256660295346,12.102915951972555,349,1.2452581790814936,1.9410153766770828,1.1401976326048973,1.705553117167867,0.949489202757377,1.0290316438136977,0.13734863520161258,0.316200645107911,2156111877,DUQ,spiky,congestion,0.010000000000104592
2156111877:loss,16776,-0.0009704339532665817,0.5000000000000001,0.7178671832974588,127.84109573283895,-34.7,32.75,0.9183701768386504,4.903821332618263,1.4506511243499294,0.6990174216976865,0.19170574081220162,5.216327877106288,168,1.420857837013453,1.8006184338009579,0.07896195452566851,12.66432683951517,168,0.23889787332284068,10.578710644677662,349,1.3007426139740825,1.6834285767573078,1.2089307120125201,2.4063850143741328,0.8905371244574174,0.9344627259201895,0.21152438105264731,0.41240264499185786,2156111877,DUQ,spiky,loss,0.010000000000104592
2156111877:rt_increment,16775,0.0016560357675111576,8.819999999999995,-1.5522092480753362,298.83364208316186,-1216.72,1298.86,0.03792040889023568,0.19205397556342624,1.7494646122906812,0.7959149563784202,0.5447495013054869,1.8357061320910062,168,1.639547909872213,0.6579774466582327,0.5295679554649659,1.8883317800488704,168,0.5182081114443057,42.97226502311248,349,1.5708494456727864,1.8777320964231596,1.505473696029489,1.7869875885464246,0.12328753850296426,0.20341809815486658,0.470693533876579,0.7351708023602607,2156111877,DUQ,spiky,rt_increment,0.010000000000104592
2156114596:total,16776,1.1176007391511686,10.21,-6.727600426457099,169.1820186268988,-1311.28,750.5699999999999,0.9404805565011085,3.7359580432521735,1.3146432500075094,2.0048376895946936,0.05713829656217297,17.50139678931251,168,1.3805695327841383,0.8611116399141338,0.3354313769736161,2.981235712121996,168,0.353949916610221,13.534895568008151,349,1.076767569647932,1.9775122975706039,1.2028978335755272,1.724881297584364,0.9121450859383019,0.962689017294225,0.0503041033348557,0.33660204595665055,2156114596,AEP,spiky,total,0.010000000000104592
2156114596:energy,16776,0.7480817835002388,10.1725,-5.672251737562799,203.66442006533578,-1438.73,934.32,0.961291380455458,3.8796969060956683,1.3017675543875873,1.4143427528867576,0.11089937838825788,9.0171830945617,168,1.5720387746870848,0.7489151403737434,0.35221622904343913,2.8391650285843846,168,0.3732779270669386,10.167146974063401,349,0.9984123972663295,2.10252007651429,1.3687437115697791,1.8933329127148697,0.917856933614473,0.9716216015733634,0.03431305787991103,0.3199182548980613,2156114596,AEP,spiky,energy,0.010000000000104592
2156114596:congestion,16776,0.5031026466380544,2.9899999999999998,-2.474646238383629,131.05972243811874,-569.49,507.31,0.9973038521812542,4.369325034187409,1.483850564910137,1.9166520837303131,0.14312236562510522,6.987028167347376,168,1.0451524095536922,0.7918434511087211,0.07173165866620268,13.940845905340305,168,0.24774594270516812,14.547671840354766,349,1.218620407523963,1.7489073248845564,0.9039699876935816,1.4116808024671157,0.9645843775827686,1.0440105361213552,0.1289978219436597,0.2900197548267971,2156114596,AEP,spiky,congestion,0.010000000000104592
2156114596:loss,16776,-0.13363912732474967,0.6699999999999999,4.043204495965188,234.64856805876042,-25.979999999999997,64.42,0.8824629769254949,4.840495422474742,1.6286728954511351,0.27375701205996616,0.20886108039076726,4.787871431714596,168,1.3769841449976636,2.3158220481896885,0.046990127441376935,21.28106592704098,168,0.20157008061614687,8.345357776463631,349,1.3230857498139987,1.9331925073021163,1.0562141314918492,2.412400931265815,0.870215410330878,0.9150377533281845,0.2207671287042258,0.43692510887620484,2156114596,AEP,spiky,loss,0.010000000000104592
2156114596:rt_increment,16775,0.0019624441132638252,9.494999999999996,-0.8232687193862409,218.15842386431035,-1216.27,1244.5,0.03991117889274206,0.24196587493457095,1.7753630141487065,0.8740693541656841,0.42493706227202593,2.353289672247614,168,1.6167502906386673,0.6351161829733767,0.42779449992544366,2.3375709602958445,168,0.4956773239902054,39.55886524822695,349,1.589360397863948,1.9292271535573844,1.475098255052006,1.768929368492471,0.11780067096929714,0.20004735845446278,0.39351257220788094,0.6458146613190171,2156114596,AEP,spiky,rt_increment,0.010000000000104592
2156114660:total,16776,1.1222132808774439,10.2225,-6.744401591911057,169.9658153584315,-1315.87,752.3299999999999,0.939937852146023,3.7370066309340686,1.3199509716553959,2.0028766967557665,0.05713829656217297,17.50139678931251,168,1.379771339748094,0.8857794302171202,0.3354313769736161,2.981235712121996,168,0.36164448001479105,13.716572018585442,349,1.0723062872517926,1.9807718121960043,1.2035482005689655,1.7307487886797104,0.9105980597673399,0.9621976152564707,0.050021673924589755,0.33721114909625155,2156114660,AEP,spiky,total,0.010000000000104592
2156114660:energy,16776,0.7480817835002388,10.1725,-5.672251737562799,203.66442006533578,-1438.73,934.32,0.961291380455458,3.8796969060956683,1.3017675543875873,1.4143427528867576,0.11089937838825788,9.0171830945617,168,1.5720387746870848,0.7489151403737434,0.35221622904343913,2.8391650285843846,168,0.3732779270669386,10.167146974063401,349,0.9984123972663295,2.10252007651429,1.3687437115697791,1.8933329127148697,0.917856933614473,0.9716216015733634,0.03431305787991103,0.3199182548980613,2156114660,AEP,spiky,energy,0.010000000000104592
2156114660:congestion,16776,0.50681330472103,2.98,-2.477766230092228,131.86702645418077,-569.3000000000001,506.38,0.9965956357534922,4.374805983167194,1.4751979531000368,1.9164608222413633,0.11401695606633108,8.770625304347144,168,1.045688257532502,0.8086804058980432,0.07271661479879414,13.752015309939635,168,0.24774594270516812,14.403951701427003,349,1.2194225351304366,1.73516742130018,0.8997734262577555,1.4090365426976401,0.964161178514776,1.0414910734739602,0.12642400797525444,0.28504729776518656,2156114660,AEP,spiky,congestion,0.010000000000104592
2156114660:loss,16776,-0.13279566046733426,0.6700000000000002,3.504214181088754,210.5392326161074,-25.15,59.849999999999994,0.8810537704634503,4.871948831093133,1.6392085774398037,0.3003120362959968,0.20454459785956883,4.888909364824952,168,1.3947826950268003,2.409035800213979,0.07328508078411959,13.645342125578903,168,0.2090356391574856,8.716491661519456,349,1.351226073589032,1.969966206683717,1.0780971931902203,2.4203890096768856,0.8699427723835006,0.9142138581575335,0.22024457592588342,0.4396057482940972,2156114660,AEP,spiky,loss,0.010000000000104592
2156114660:rt_increment,16775,0.0019600596125186344,9.514999999999995,-0.8149733596500351,219.23551263007667,-1216.49,1250.53,0.039633670648453745,0.24184662633779358,1.7578135258983494,0.8518605718499366,0.4249763402839605,2.353072171810366,168,1.611484007442541,0.6325539641392663,0.43586499920621974,2.294288373283381,168,0.4956773239902054,39.55886524822695,349,1.5902035157921244,1.9256329037504525,1.4697183243842096,1.7685887929760393,0.11768898708918342,0.19902992101381467,0.39335657611760405,0.6458146613190171,2156114660,AEP,spiky,rt_increment,0.010000000000104592
2156119137:total,2688,-1.0534226190476188,14.975000000000003,-10.916953812535594,185.06626486644257,-1004.7700000000001,199.63000000000002,0.8348651535580662,2.7268883550496237,2.4349406146577883,1.4611723224657645,0.350517543673634,2.8529242488675473,27,1.3404771203472114,0.8662444144819633,0.5735343530009533,1.7435747218411828,27,0.6503330996010663,10.267605633802816,56,2.1048762673850403,3.014055010660828,1.028033287288398,1.7831121776931709,0.7867208092832769,0.9133100238225739,0.21320389593996603,0.6016722936894473,2156119137,COMED,spiky,total,0.010000000000104592
2156119137:energy,2688,-3.218895089285714,13.352500000000001,-8.46334937208819,142.90909419525616,-1132.35,323.57000000000005,0.9457933755124833,2.518477826410411,1.6270743222071165,0.6040087509940684,0.19342901152112,5.169855298003282,27,1.7270295431781943,0.9490376527433687,0.6552417868315444,1.5261541923868314,27,0.7432378281155043,12.789473684210526,56,1.4814250918672256,2.2359453802385003,1.3187066419730005,2.391382623439598,0.882523530672567,1.0500552624193449,0.20963365248097535,0.5727393662080849,2156119137,COMED,spiky,energy,0.010000000000104592
2156119137:congestion,2688,1.9257254464285716,12.120000000000001,-1.3589738166425342,90.70092869877108,-605.46,383.91999999999996,0.9452938911513507,4.109755346596125,1.7950509175920284,1.6097609083868272,0.30636656555558894,3.26406374725167,27,1.6212135874783613,0.8117957239488438,0.2722724876523518,3.6727912122977306,27,0.46452364257219025,4.1657142857142855,56,1.5441795107251017,3.405202330125999,1.2211096175625598,2.6347235905042754,0.8766657597698564,1.0028813429907246,0.20773123442806213,0.7136505341390779,2156119137,COMED,spiky,congestion,0.010000000000104592
2156119137:loss,2688,0.24024553571428567,1.3825000000000003,11.536461936502175,263.56170960162115,-37.2,136.49,0.9626413600098696,2.73249652154658,1.6880084857819606,0.8560066056840805,0.5082220687793769,1.9676437947721386,27,1.7031996578643607,0.661423750941968,0.4110343115466941,2.432886919432755,27,0.5109760068294092,7.838709677419355,56,1.3782527972916119,2.2128874860452123,1.4724606441463348,2.541097159010175,0.8695949918693407,1.0306595072338611,0.276130498642506,0.8926269480878475,2156119137,COMED,spiky,loss,0.010000000000104592
2156119137:rt_increment,2687,0.013368068477856597,11.86,-0.4823219527915729,173.5110160767955,-1048.01,1009.85,0.07583412597181563,0.07705018053697846,1.461310951915174,0.9337754198953137,0.7166042090070011,1.395470452770157,27,1.4964109748608363,0.8437140684800466,0.9048487511507259,1.1051570759513865,27,0.6020226407735586,8.80281690140845,55,1.2088361406459778,1.9198067162355847,1.1849675775429827,1.8102222450294985,0.11766734590586139,0.2944779892982254,0.5398698766430694,1.0,2156119137,COMED,spiky,rt_increment,0.010000000000104592
